model_name,method,train_env,test_env,config,params,nmse_mean,nmse_std,n_seeds,nmse_values
Adapter_InF_dim16,Adapter,InF,InF,dim16,131072,-19.3015,0.2033,5,"[-19.218421936035156, -19.642847061157227, -19.114286422729492, -19.21918487548828, -19.312847137451172]"
Adapter_InF_dim16,Adapter,InF,InH,dim16,131072,-19.1781,0.1934,5,"[-19.177528381347656, -19.489463806152344, -18.985336303710938, -19.053743362426758, -19.184288024902344]"
Adapter_InF_dim16,Adapter,InF,UMi,dim16,131072,-18.5442,1.0348,5,"[-19.32776641845703, -19.325756072998047, -19.241634368896484, -17.333415985107422, -17.49236297607422]"
Adapter_InF_dim16,Adapter,InF,UMa,dim16,131072,-13.9310,4.0999,5,"[-15.470108985900879, -16.865161895751953, -7.775997638702393, -11.859748840332031, -17.68399429321289]"
Adapter_InF_dim16,Adapter,InF,RMa,dim16,131072,-14.9665,3.7567,5,"[-15.618429183959961, -17.77748680114746, -8.916037559509277, -14.239307403564453, -18.28119659423828]"
Adapter_InF_dim32,Adapter,InF,InF,dim32,262144,-18.6467,0.1902,5,"[-18.56829261779785, -18.976659774780273, -18.489187240600586, -18.583829879760742, -18.615528106689453]"
Adapter_InF_dim32,Adapter,InF,InH,dim32,262144,-18.5524,0.1934,5,"[-18.52876091003418, -18.851215362548828, -18.338302612304688, -18.44414520263672, -18.599411010742188]"
Adapter_InF_dim32,Adapter,InF,UMi,dim32,262144,-18.0157,0.9302,5,"[-18.64156723022461, -18.751771926879883, -18.687206268310547, -16.930011749267578, -17.067981719970703]"
Adapter_InF_dim32,Adapter,InF,UMa,dim32,262144,-13.0027,4.2438,5,"[-14.392037391662598, -15.984410285949707, -6.701959609985352, -10.832510948181152, -17.102458953857422]"
Adapter_InF_dim32,Adapter,InF,RMa,dim32,262144,-13.7648,4.0414,5,"[-14.507613182067871, -16.780588150024414, -7.419309139251709, -12.601055145263672, -17.51531410217285]"
Adapter_InF_dim64,Adapter,InF,InF,dim64,524288,-17.7296,0.1800,5,"[-17.642704010009766, -18.037254333496094, -17.57000732421875, -17.69142723083496, -17.706584930419922]"
Adapter_InF_dim64,Adapter,InF,InH,dim64,524288,-17.6527,0.1787,5,"[-17.61956214904785, -17.918550491333008, -17.448074340820312, -17.555978775024414, -17.72154998779297]"
Adapter_InF_dim64,Adapter,InF,UMi,dim64,524288,-17.1983,0.8358,5,"[-17.791566848754883, -17.795560836791992, -17.83747100830078, -16.24301528930664, -16.32392692565918]"
Adapter_InF_dim64,Adapter,InF,UMa,dim64,524288,-12.5591,4.0345,5,"[-14.063061714172363, -15.36020278930664, -6.49864387512207, -10.544590950012207, -16.32908058166504]"
Adapter_InF_dim64,Adapter,InF,RMa,dim64,524288,-13.3702,3.8027,5,"[-14.064386367797852, -16.22278594970703, -7.296829700469971, -12.49507999420166, -16.77188491821289]"
Adapter_InF_dim8,Adapter,InF,InF,dim8,65536,-19.7388,0.2107,5,"[-19.658348083496094, -20.074567794799805, -19.522432327270508, -19.645767211914062, -19.79285430908203]"
Adapter_InF_dim8,Adapter,InF,InH,dim8,65536,-19.5833,0.2052,5,"[-19.573925018310547, -19.923751831054688, -19.39165496826172, -19.458654403686523, -19.56869888305664]"
Adapter_InF_dim8,Adapter,InF,UMi,dim8,65536,-18.8981,1.0821,5,"[-19.782840728759766, -19.69049835205078, -19.57976531982422, -17.604394912719727, -17.83296775817871]"
Adapter_InF_dim8,Adapter,InF,UMa,dim8,65536,-14.4457,4.0583,5,"[-16.091472625732422, -17.28166961669922, -8.27457046508789, -12.496095657348633, -18.08474349975586]"
Adapter_InF_dim8,Adapter,InF,RMa,dim8,65536,-15.7749,3.5343,5,"[-16.42704200744629, -18.416601181030273, -9.98431396484375, -15.303988456726074, -18.742673873901367]"
Adapter_InH_dim16,Adapter,InH,InF,dim16,131072,-19.4413,0.2029,5,"[-19.37080955505371, -19.782489776611328, -19.246553421020508, -19.36813735961914, -19.43866539001465]"
Adapter_InH_dim16,Adapter,InH,InH,dim16,131072,-19.4256,0.1898,5,"[-19.396148681640625, -19.677879333496094, -19.18198013305664, -19.336177825927734, -19.535993576049805]"
Adapter_InH_dim16,Adapter,InH,UMi,dim16,131072,-18.6393,0.9616,5,"[-19.411190032958984, -19.39910125732422, -19.198209762573242, -17.476032257080078, -17.711864471435547]"
Adapter_InH_dim16,Adapter,InH,UMa,dim16,131072,-13.3623,4.4506,5,"[-14.777655601501465, -16.393339157104492, -6.737500190734863, -11.151579856872559, -17.751636505126953]"
Adapter_InH_dim16,Adapter,InH,RMa,dim16,131072,-14.2473,4.1938,5,"[-15.024982452392578, -17.286945343017578, -7.7126383781433105, -12.949585914611816, -18.262365341186523]"
Adapter_InH_dim32,Adapter,InH,InF,dim32,262144,-18.7376,0.2052,5,"[-18.64937400817871, -19.09006118774414, -18.555679321289062, -18.694900512695312, -18.697933197021484]"
Adapter_InH_dim32,Adapter,InH,InH,dim32,262144,-18.7512,0.1805,5,"[-18.70625114440918, -18.953773498535156, -18.520357131958008, -18.662830352783203, -18.91287612915039]"
Adapter_InH_dim32,Adapter,InH,UMi,dim32,262144,-18.0234,0.8919,5,"[-18.701549530029297, -18.763166427612305, -18.541736602783203, -16.929513931274414, -17.181255340576172]"
Adapter_InH_dim32,Adapter,InH,UMa,dim32,262144,-12.3059,4.6201,5,"[-13.655491828918457, -15.428048133850098, -5.549593925476074, -9.873589515686035, -17.02289390563965]"
Adapter_InH_dim32,Adapter,InH,RMa,dim32,262144,-13.0814,4.4368,5,"[-13.835930824279785, -16.342117309570312, -6.301276206970215, -11.485017776489258, -17.442832946777344]"
Adapter_InH_dim64,Adapter,InH,InF,dim64,524288,-17.9662,0.1949,5,"[-17.853614807128906, -18.301769256591797, -17.81008529663086, -17.938539505004883, -17.927154541015625]"
Adapter_InH_dim64,Adapter,InH,InH,dim64,524288,-17.9571,0.1784,5,"[-17.886817932128906, -18.121124267578125, -17.745492935180664, -17.8680362701416, -18.16396141052246]"
Adapter_InH_dim64,Adapter,InH,UMi,dim64,524288,-17.4119,0.7403,5,"[-17.91161346435547, -18.050317764282227, -17.884353637695312, -16.51971435546875, -16.693668365478516]"
Adapter_InH_dim64,Adapter,InH,UMa,dim64,524288,-12.1045,4.3441,5,"[-13.49287223815918, -15.029716491699219, -5.707253456115723, -9.836986541748047, -16.45563507080078]"
Adapter_InH_dim64,Adapter,InH,RMa,dim64,524288,-12.7384,4.2322,5,"[-13.514609336853027, -15.910087585449219, -6.176962375640869, -11.351223945617676, -16.739276885986328]"
Adapter_InH_dim8,Adapter,InH,InF,dim8,65536,-19.8768,0.2077,5,"[-19.794387817382812, -20.211889266967773, -19.661195755004883, -19.802000045776367, -19.91457176208496]"
Adapter_InH_dim8,Adapter,InH,InH,dim8,65536,-19.7975,0.1939,5,"[-19.774412155151367, -20.1024227142334, -19.604209899902344, -19.665096282958984, -19.8414306640625]"
Adapter_InH_dim8,Adapter,InH,UMi,dim8,65536,-18.9815,1.0850,5,"[-19.950841903686523, -19.815814971923828, -19.519359588623047, -17.66621971130371, -17.95505142211914]"
Adapter_InH_dim8,Adapter,InH,UMa,dim8,65536,-13.1103,4.6668,5,"[-14.559802055358887, -16.21642303466797, -6.255829811096191, -10.672292709350586, -17.847354888916016]"
Adapter_InH_dim8,Adapter,InH,RMa,dim8,65536,-13.9689,4.5264,5,"[-14.840616226196289, -17.212888717651367, -7.1519999504089355, -12.114046096801758, -18.525196075439453]"
Adapter_RMa_dim16,Adapter,RMa,InF,dim16,131072,-18.6402,0.4521,5,"[-18.586421966552734, -18.977449417114258, -18.043607711791992, -19.181411743164062, -18.412076950073242]"
Adapter_RMa_dim16,Adapter,RMa,InH,dim16,131072,-18.1888,0.7246,5,"[-18.229904174804688, -19.10404396057129, -18.667858123779297, -17.49577522277832, -17.44650650024414]"
Adapter_RMa_dim16,Adapter,RMa,UMi,dim16,131072,-16.6543,1.0007,5,"[-17.547027587890625, -17.15546417236328, -17.404672622680664, -15.799606323242188, -15.364514350891113]"
Adapter_RMa_dim16,Adapter,RMa,UMa,dim16,131072,-13.3044,3.1301,5,"[-14.946708679199219, -15.674219131469727, -8.34677791595459, -12.066372871398926, -15.487789154052734]"
Adapter_RMa_dim16,Adapter,RMa,RMa,dim16,131072,-18.7421,3.7360,5,"[-19.970178604125977, -22.403587341308594, -12.746694564819336, -17.81827163696289, -20.771617889404297]"
Adapter_RMa_dim32,Adapter,RMa,InF,dim32,262144,-18.0427,0.3648,5,"[-17.92506217956543, -18.32759666442871, -17.556093215942383, -18.475820541381836, -17.928998947143555]"
Adapter_RMa_dim32,Adapter,RMa,InH,dim32,262144,-17.4955,0.5351,5,"[-17.611597061157227, -18.101802825927734, -17.881454467773438, -16.96368980407715, -16.91883087158203]"
Adapter_RMa_dim32,Adapter,RMa,UMi,dim32,262144,-15.9755,0.7896,5,"[-16.460296630859375, -16.579633712768555, -16.560914993286133, -15.411901473999023, -14.864758491516113]"
Adapter_RMa_dim32,Adapter,RMa,UMa,dim32,262144,-12.8225,2.9452,5,"[-14.165517807006836, -15.107264518737793, -8.053311347961426, -11.93081283569336, -14.855348587036133]"
Adapter_RMa_dim32,Adapter,RMa,RMa,dim32,262144,-18.6258,3.7368,5,"[-19.965084075927734, -22.832759857177734, -12.791725158691406, -17.701059341430664, -19.838157653808594]"
Adapter_RMa_dim64,Adapter,RMa,InF,dim64,524288,-17.3265,0.3922,5,"[-17.29202651977539, -17.531879425048828, -16.835805892944336, -17.860445022583008, -17.112241744995117]"
Adapter_RMa_dim64,Adapter,RMa,InH,dim64,524288,-16.5514,0.9831,5,"[-16.797998428344727, -17.516862869262695, -17.33368682861328, -15.92342472076416, -15.185269355773926]"
Adapter_RMa_dim64,Adapter,RMa,UMi,dim64,524288,-15.0117,0.4679,5,"[-15.388506889343262, -15.401636123657227, -15.13839340209961, -14.853536605834961, -14.2763032913208]"
Adapter_RMa_dim64,Adapter,RMa,UMa,dim64,524288,-12.3195,2.8151,5,"[-13.287588119506836, -14.336555480957031, -7.734232425689697, -11.63852596282959, -14.600739479064941]"
Adapter_RMa_dim64,Adapter,RMa,RMa,dim64,524288,-19.2655,4.0518,5,"[-20.341861724853516, -22.632171630859375, -12.928461074829102, -17.84356117248535, -22.581256866455078]"
Adapter_RMa_dim8,Adapter,RMa,InF,dim8,65536,-18.3298,0.4613,5,"[-18.497425079345703, -18.58589744567871, -17.6700382232666, -18.831541061401367, -18.06433868408203]"
Adapter_RMa_dim8,Adapter,RMa,InH,dim8,65536,-17.6727,0.8560,5,"[-17.921846389770508, -18.621427536010742, -18.247791290283203, -16.968137741088867, -16.604095458984375]"
Adapter_RMa_dim8,Adapter,RMa,UMi,dim8,65536,-16.3193,1.0320,5,"[-17.12518882751465, -16.66687774658203, -17.310077667236328, -15.5712308883667, -14.923367500305176]"
Adapter_RMa_dim8,Adapter,RMa,UMa,dim8,65536,-13.2381,2.9825,5,"[-14.804594039916992, -15.566909790039062, -8.503490447998047, -12.08697509765625, -15.228374481201172]"
Adapter_RMa_dim8,Adapter,RMa,RMa,dim8,65536,-18.5406,3.6335,5,"[-19.672508239746094, -21.844924926757812, -12.67325496673584, -17.64992904663086, -20.862529754638672]"
Adapter_UMa_dim16,Adapter,UMa,InF,dim16,131072,-20.1236,0.2308,5,"[-20.029483795166016, -20.477266311645508, -19.911531448364258, -19.971420288085938, -20.22840118408203]"
Adapter_UMa_dim16,Adapter,UMa,InH,dim16,131072,-20.0640,0.2009,5,"[-20.04392433166504, -20.36071014404297, -19.7972469329834, -20.029376983642578, -20.088504791259766]"
Adapter_UMa_dim16,Adapter,UMa,UMi,dim16,131072,-19.3130,1.0370,5,"[-20.227188110351562, -20.04822540283203, -19.89785385131836, -17.9873104095459, -18.404521942138672]"
Adapter_UMa_dim16,Adapter,UMa,UMa,dim16,131072,-15.0410,3.9375,5,"[-16.663833618164062, -17.658771514892578, -9.138776779174805, -13.015742301940918, -18.727705001831055]"
Adapter_UMa_dim16,Adapter,UMa,RMa,dim16,131072,-16.7938,3.0306,5,"[-17.180479049682617, -18.740720748901367, -11.68405532836914, -16.9912166595459, -19.372676849365234]"
Adapter_UMa_dim32,Adapter,UMa,InF,dim32,262144,-20.6534,0.2294,5,"[-20.5546932220459, -20.99903106689453, -20.407512664794922, -20.55072021484375, -20.755216598510742]"
Adapter_UMa_dim32,Adapter,UMa,InH,dim32,262144,-20.5966,0.1970,5,"[-20.56300926208496, -20.92876434326172, -20.475692749023438, -20.426084518432617, -20.589595794677734]"
Adapter_UMa_dim32,Adapter,UMa,UMi,dim32,262144,-19.5682,1.1077,5,"[-20.600528717041016, -20.37145233154297, -20.107858657836914, -18.173931121826172, -18.58744239807129]"
Adapter_UMa_dim32,Adapter,UMa,UMa,dim32,262144,-15.1520,4.0153,5,"[-16.870235443115234, -17.823637008666992, -9.139330863952637, -13.053947448730469, -18.873001098632812]"
Adapter_UMa_dim32,Adapter,UMa,RMa,dim32,262144,-17.1077,3.2762,5,"[-17.63352394104004, -19.45233726501465, -11.699079513549805, -16.846078872680664, -19.90756607055664]"
Adapter_UMa_dim64,Adapter,UMa,InF,dim64,524288,-20.8976,0.2210,5,"[-20.78559684753418, -21.22564697265625, -20.63219451904297, -20.88022232055664, -20.964262008666992]"
Adapter_UMa_dim64,Adapter,UMa,InH,dim64,524288,-20.8513,0.2174,5,"[-20.965675354003906, -21.163122177124023, -20.766202926635742, -20.59909439086914, -20.762388229370117]"
Adapter_UMa_dim64,Adapter,UMa,UMi,dim64,524288,-19.7549,1.1636,5,"[-20.86421012878418, -20.646377563476562, -20.228527069091797, -18.28954315185547, -18.745615005493164]"
Adapter_UMa_dim64,Adapter,UMa,UMa,dim64,524288,-15.1978,4.0332,5,"[-16.909975051879883, -17.923429489135742, -9.157577514648438, -13.088879585266113, -18.909347534179688]"
Adapter_UMa_dim64,Adapter,UMa,RMa,dim64,524288,-17.3608,3.4313,5,"[-17.90630531311035, -19.81311798095703, -11.749509811401367, -16.95247459411621, -20.382694244384766]"
Adapter_UMa_dim8,Adapter,UMa,InF,dim8,65536,-20.3503,0.2107,5,"[-20.32737922668457, -20.669239044189453, -20.1031494140625, -20.245361328125, -20.406436920166016]"
Adapter_UMa_dim8,Adapter,UMa,InH,dim8,65536,-20.2074,0.2084,5,"[-20.113327026367188, -20.560853958129883, -20.025856018066406, -20.124216079711914, -20.212581634521484]"
Adapter_UMa_dim8,Adapter,UMa,UMi,dim8,65536,-19.3601,0.9972,5,"[-20.296215057373047, -20.038036346435547, -19.8933048248291, -18.126327514648438, -18.446407318115234]"
Adapter_UMa_dim8,Adapter,UMa,UMa,dim8,65536,-15.0400,3.9461,5,"[-16.748167037963867, -17.60006332397461, -9.07908821105957, -13.071285247802734, -18.701566696166992]"
Adapter_UMa_dim8,Adapter,UMa,RMa,dim8,65536,-17.0289,3.1664,5,"[-17.534788131713867, -19.161361694335938, -11.738117218017578, -16.97801971435547, -19.73202133178711]"
Adapter_UMi_dim16,Adapter,UMi,InF,dim16,131072,-20.0945,0.2248,5,"[-20.008380889892578, -20.454008102416992, -19.86148452758789, -20.002155303955078, -20.146564483642578]"
Adapter_UMi_dim16,Adapter,UMi,InH,dim16,131072,-20.0922,0.1534,5,"[-20.048004150390625, -20.34116554260254, -19.9415225982666, -20.010082244873047, -20.12030029296875]"
Adapter_UMi_dim16,Adapter,UMi,UMi,dim16,131072,-19.3288,1.0854,5,"[-20.327356338500977, -20.110795974731445, -19.883804321289062, -17.97594451904297, -18.346115112304688]"
Adapter_UMi_dim16,Adapter,UMi,UMa,dim16,131072,-14.5562,4.1455,5,"[-16.449729919433594, -17.333772659301758, -8.362427711486816, -12.324581146240234, -18.310697555541992]"
Adapter_UMi_dim16,Adapter,UMi,RMa,dim16,131072,-15.9813,3.6988,5,"[-16.793916702270508, -18.77037239074707, -10.012197494506836, -15.183576583862305, -19.146453857421875]"
Adapter_UMi_dim32,Adapter,UMi,InF,dim32,262144,-19.8473,0.2190,5,"[-19.688793182373047, -20.211008071899414, -19.68876075744629, -19.759756088256836, -19.887958526611328]"
Adapter_UMi_dim32,Adapter,UMi,InH,dim32,262144,-19.8320,0.1699,5,"[-19.7034912109375, -20.07573127746582, -19.67179298400879, -19.774459838867188, -19.934614181518555]"
Adapter_UMi_dim32,Adapter,UMi,UMi,dim32,262144,-19.1842,1.0098,5,"[-20.016212463378906, -20.022123336791992, -19.668853759765625, -17.853424072265625, -18.36037826538086]"
Adapter_UMi_dim32,Adapter,UMi,UMa,dim32,262144,-13.4152,4.5881,5,"[-15.028076171875, -16.415477752685547, -6.714012145996094, -10.88766860961914, -18.030988693237305]"
Adapter_UMi_dim32,Adapter,UMi,RMa,dim32,262144,-14.3307,4.3573,5,"[-15.310402870178223, -17.51706314086914, -7.712207794189453, -12.555427551269531, -18.558486938476562]"
Adapter_UMi_dim64,Adapter,UMi,InF,dim64,524288,-19.5186,0.2201,5,"[-19.38851547241211, -19.898834228515625, -19.373170852661133, -19.413068771362305, -19.519372940063477]"
Adapter_UMi_dim64,Adapter,UMi,InH,dim64,524288,-19.6053,0.1497,5,"[-19.511760711669922, -19.715564727783203, -19.40384864807129, -19.623332977294922, -19.772018432617188]"
Adapter_UMi_dim64,Adapter,UMi,UMi,dim64,524288,-18.9587,0.9010,5,"[-19.70514678955078, -19.730501174926758, -19.336606979370117, -17.73307991027832, -18.288284301757812]"
Adapter_UMi_dim64,Adapter,UMi,UMa,dim64,524288,-12.8926,4.6924,5,"[-14.255327224731445, -15.982999801635742, -6.0832014083862305, -10.361289978027344, -17.780315399169922]"
Adapter_UMi_dim64,Adapter,UMi,RMa,dim64,524288,-13.6208,4.5552,5,"[-14.519853591918945, -16.859390258789062, -6.794795036315918, -11.6865816116333, -18.243324279785156]"
Adapter_UMi_dim8,Adapter,UMi,InF,dim8,65536,-20.1737,0.2240,5,"[-20.083520889282227, -20.533336639404297, -19.997535705566406, -20.008981704711914, -20.24512481689453]"
Adapter_UMi_dim8,Adapter,UMi,InH,dim8,65536,-20.1859,0.1365,5,"[-20.167213439941406, -20.37265396118164, -20.00478744506836, -20.135662078857422, -20.249300003051758]"
Adapter_UMi_dim8,Adapter,UMi,UMi,dim8,65536,-19.5277,1.1008,5,"[-20.505775451660156, -20.352773666381836, -20.091384887695312, -18.130859375, -18.557594299316406]"
Adapter_UMi_dim8,Adapter,UMi,UMa,dim8,65536,-14.9283,4.0721,5,"[-16.734169006347656, -17.684837341308594, -8.834965705871582, -12.76406192779541, -18.623516082763672]"
Adapter_UMi_dim8,Adapter,UMi,RMa,dim8,65536,-16.4872,3.3125,5,"[-17.037675857543945, -19.025413513183594, -10.969100952148438, -16.333728790283203, -19.070329666137695]"
LoRA_InF_r16,LoRA,InF,InF,r16,78640,-18.6195,0.1438,5,"[-18.622560501098633, -18.834880828857422, -18.433019638061523, -18.58111572265625, -18.625858306884766]"
LoRA_InF_r16,LoRA,InF,InH,r16,78640,-18.4948,0.2180,5,"[-18.620391845703125, -18.812889099121094, -18.2770938873291, -18.371055603027344, -18.3924503326416]"
LoRA_InF_r16,LoRA,InF,UMi,r16,78640,-17.8594,0.8503,5,"[-18.47541046142578, -18.516090393066406, -18.442012786865234, -16.82938575744629, -17.034021377563477]"
LoRA_InF_r16,LoRA,InF,UMa,r16,78640,-13.6708,3.9340,5,"[-15.092635154724121, -16.422813415527344, -7.813592433929443, -11.632736206054688, -17.392253875732422]"
LoRA_InF_r16,LoRA,InF,RMa,r16,78640,-14.7702,3.5441,5,"[-15.5704927444458, -17.37760353088379, -8.956718444824219, -14.224720001220703, -17.721479415893555]"
LoRA_InF_r20,LoRA,InF,InF,r20,98304,-18.6015,0.1438,5,"[-18.60205078125, -18.814102172851562, -18.410903930664062, -18.568283081054688, -18.61200523376465]"
LoRA_InF_r20,LoRA,InF,InH,r20,98304,-18.4892,0.2077,5,"[-18.60977554321289, -18.7899169921875, -18.274099349975586, -18.378997802734375, -18.39298439025879]"
LoRA_InF_r20,LoRA,InF,UMi,r20,98304,-17.8783,0.8618,5,"[-18.515024185180664, -18.531274795532227, -18.467544555664062, -16.822566986083984, -17.055313110351562]"
LoRA_InF_r20,LoRA,InF,UMa,r20,98304,-13.7649,3.9030,5,"[-15.241150856018066, -16.47281837463379, -7.911276817321777, -11.792064666748047, -17.407108306884766]"
LoRA_InF_r20,LoRA,InF,RMa,r20,98304,-14.8573,3.5007,5,"[-15.707345962524414, -17.4387149810791, -9.073065757751465, -14.389420509338379, -17.678110122680664]"
LoRA_InF_r4,LoRA,InF,InF,r4,19660,-19.3152,0.1324,5,"[-19.32225227355957, -19.512638092041016, -19.140233993530273, -19.29694175720215, -19.304006576538086]"
LoRA_InF_r4,LoRA,InF,InH,r4,19660,-19.2250,0.2918,5,"[-19.486801147460938, -19.59520149230957, -18.99427604675293, -19.05013084411621, -18.99863624572754]"
LoRA_InF_r4,LoRA,InF,UMi,r4,19660,-18.4512,0.9442,5,"[-19.27688217163086, -19.126028060913086, -19.000205993652344, -17.30998992919922, -17.542766571044922]"
LoRA_InF_r4,LoRA,InF,UMa,r4,19660,-14.0680,4.0593,5,"[-15.453286170959473, -16.900962829589844, -7.929978847503662, -12.160062789916992, -17.89590072631836]"
LoRA_InF_r4,LoRA,InF,RMa,r4,19660,-15.7324,3.5347,5,"[-16.483943939208984, -18.142990112304688, -9.87082290649414, -15.408893585205078, -18.755455017089844]"
LoRA_InF_r8,LoRA,InF,InF,r8,39320,-18.9929,0.1387,5,"[-18.996841430664062, -19.208953857421875, -18.822811126708984, -18.9605770111084, -18.975473403930664]"
LoRA_InF_r8,LoRA,InF,InH,r8,39320,-18.8683,0.2446,5,"[-19.03662872314453, -19.214284896850586, -18.656253814697266, -18.701202392578125, -18.732933044433594]"
LoRA_InF_r8,LoRA,InF,UMi,r8,39320,-18.1799,0.9081,5,"[-18.895584106445312, -18.879392623901367, -18.744218826293945, -17.09115219116211, -17.289306640625]"
LoRA_InF_r8,LoRA,InF,UMa,r8,39320,-13.9937,3.9308,5,"[-15.439824104309082, -16.776357650756836, -8.083261489868164, -12.039695739746094, -17.629440307617188]"
LoRA_InF_r8,LoRA,InF,RMa,r8,39320,-15.3640,3.5133,5,"[-16.133148193359375, -17.739065170288086, -9.51162052154541, -15.102106094360352, -18.334209442138672]"
LoRA_InH_r16,LoRA,InH,InF,r16,78640,-18.8224,0.1728,5,"[-18.78907012939453, -19.10291290283203, -18.631420135498047, -18.766292572021484, -18.822206497192383]"
LoRA_InH_r16,LoRA,InH,InH,r16,78640,-18.8375,0.1673,5,"[-18.911890029907227, -18.9875431060791, -18.586246490478516, -18.750001907348633, -18.951974868774414]"
LoRA_InH_r16,LoRA,InH,UMi,r16,78640,-18.1753,0.8348,5,"[-18.831575393676758, -18.890283584594727, -18.6095027923584, -17.154870986938477, -17.390363693237305]"
LoRA_InH_r16,LoRA,InH,UMa,r16,78640,-13.7825,3.9691,5,"[-15.266295433044434, -16.54084014892578, -7.838689804077148, -11.76706314086914, -17.499404907226562]"
LoRA_InH_r16,LoRA,InH,RMa,r16,78640,-14.7963,3.6623,5,"[-15.576099395751953, -17.47327423095703, -8.825287818908691, -14.17440414428711, -17.932279586791992]"
LoRA_InH_r20,LoRA,InH,InF,r20,98304,-18.7430,0.1801,5,"[-18.703292846679688, -19.029823303222656, -18.53876495361328, -18.68149185180664, -18.761857986450195]"
LoRA_InH_r20,LoRA,InH,InH,r20,98304,-18.7618,0.1806,5,"[-18.848827362060547, -18.912626266479492, -18.48427963256836, -18.676055908203125, -18.887344360351562]"
LoRA_InH_r20,LoRA,InH,UMi,r20,98304,-18.1141,0.8086,5,"[-18.741558074951172, -18.79473876953125, -18.55571746826172, -17.11258316040039, -17.365737915039062]"
LoRA_InH_r20,LoRA,InH,UMa,r20,98304,-13.4548,4.0829,5,"[-14.885573387145996, -16.22403335571289, -7.431126117706299, -11.282950401306152, -17.450292587280273]"
LoRA_InH_r20,LoRA,InH,RMa,r20,98304,-14.3110,3.8188,5,"[-15.126338005065918, -17.14115333557129, -8.18682861328125, -13.419269561767578, -17.681285858154297]"
LoRA_InH_r4,LoRA,InH,InF,r4,19660,-19.4353,0.1621,5,"[-19.416748046875, -19.69623374938965, -19.247800827026367, -19.40505027770996, -19.41070556640625]"
LoRA_InH_r4,LoRA,InH,InH,r4,19660,-19.4418,0.2299,5,"[-19.68097496032715, -19.670625686645508, -19.185882568359375, -19.252731323242188, -19.41876983642578]"
LoRA_InH_r4,LoRA,InH,UMi,r4,19660,-18.6404,0.9725,5,"[-19.495363235473633, -19.411714553833008, -19.115215301513672, -17.478458404541016, -17.701475143432617]"
LoRA_InH_r4,LoRA,InH,UMa,r4,19660,-14.0095,4.1158,5,"[-15.43915843963623, -16.93393898010254, -7.848860740661621, -11.948343276977539, -17.87728500366211]"
LoRA_InH_r4,LoRA,InH,RMa,r4,19660,-15.4220,3.7430,5,"[-16.2552490234375, -17.95920753479004, -9.345151901245117, -14.735576629638672, -18.814598083496094]"
LoRA_InH_r8,LoRA,InH,InF,r8,39320,-19.2062,0.1669,5,"[-19.196903228759766, -19.46976661682129, -19.005496978759766, -19.170373916625977, -19.188278198242188]"
LoRA_InH_r8,LoRA,InH,InH,r8,39320,-19.1790,0.1918,5,"[-19.30841827392578, -19.410097122192383, -18.959943771362305, -19.010644912719727, -19.205921173095703]"
LoRA_InH_r8,LoRA,InH,UMi,r8,39320,-18.4527,0.8765,5,"[-19.18512535095215, -19.175525665283203, -18.89029884338379, -17.381675720214844, -17.630632400512695]"
LoRA_InH_r8,LoRA,InH,UMa,r8,39320,-13.9489,4.0638,5,"[-15.36707878112793, -16.83856964111328, -7.869131088256836, -11.905503273010254, -17.76446533203125]"
LoRA_InH_r8,LoRA,InH,RMa,r8,39320,-15.1467,3.7830,5,"[-15.954362869262695, -17.76811981201172, -8.964679718017578, -14.559630393981934, -18.48689842224121]"
LoRA_RMa_r16,LoRA,RMa,InF,r16,78640,-18.1381,0.3390,5,"[-18.000267028808594, -18.003910064697266, -17.930824279785156, -18.74165916442871, -18.013917922973633]"
LoRA_RMa_r16,LoRA,RMa,InH,r16,78640,-17.0987,1.3220,5,"[-17.676469802856445, -18.673078536987305, -17.606616973876953, -16.20543098449707, -15.33171558380127]"
LoRA_RMa_r16,LoRA,RMa,UMi,r16,78640,-15.9713,0.6374,5,"[-16.197460174560547, -16.759220123291016, -15.260169982910156, -15.371598243713379, -16.26782989501953]"
LoRA_RMa_r16,LoRA,RMa,UMa,r16,78640,-13.0274,3.6449,5,"[-13.526087760925293, -15.441913604736328, -7.428754806518555, -11.909347534179688, -16.831090927124023]"
LoRA_RMa_r16,LoRA,RMa,RMa,r16,78640,-18.6463,3.5482,5,"[-19.541841506958008, -20.97335433959961, -12.878904342651367, -17.963851928710938, -21.87337875366211]"
LoRA_RMa_r20,LoRA,RMa,InF,r20,98304,-18.2119,0.3686,5,"[-18.05666160583496, -18.02986717224121, -18.018123626708984, -18.869646072387695, -18.085311889648438]"
LoRA_RMa_r20,LoRA,RMa,InH,r20,98304,-17.2725,1.2687,5,"[-17.807193756103516, -18.72604751586914, -17.865856170654297, -16.403186798095703, -15.56026554107666]"
LoRA_RMa_r20,LoRA,RMa,UMi,r20,98304,-16.0064,0.5758,5,"[-16.344131469726562, -16.607744216918945, -15.33840274810791, -15.442283630371094, -16.299625396728516]"
LoRA_RMa_r20,LoRA,RMa,UMa,r20,98304,-13.0322,3.6447,5,"[-13.630219459533691, -15.271018981933594, -7.44066047668457, -11.889093399047852, -16.930177688598633]"
LoRA_RMa_r20,LoRA,RMa,RMa,r20,98304,-18.6512,3.5254,5,"[-19.589418411254883, -20.995405197143555, -12.904263496398926, -17.97630500793457, -21.7906494140625]"
LoRA_RMa_r4,LoRA,RMa,InF,r4,19660,-18.6834,0.3521,5,"[-18.723587036132812, -18.647747039794922, -18.36992073059082, -19.254350662231445, -18.421396255493164]"
LoRA_RMa_r4,LoRA,RMa,InH,r4,19660,-17.9940,1.0900,5,"[-18.847135543823242, -18.78818130493164, -18.697160720825195, -17.080698013305664, -16.556861877441406]"
LoRA_RMa_r4,LoRA,RMa,UMi,r4,19660,-16.6788,0.6348,5,"[-17.27531623840332, -17.356489181518555, -16.575510025024414, -15.869091987609863, -16.317441940307617]"
LoRA_RMa_r4,LoRA,RMa,UMa,r4,19660,-13.4588,3.5528,5,"[-14.382352828979492, -15.961301803588867, -7.982463359832764, -12.108680725097656, -16.859050750732422]"
LoRA_RMa_r4,LoRA,RMa,RMa,r4,19660,-18.5723,3.6335,5,"[-19.440269470214844, -20.56024742126465, -12.719751358032227, -17.906946182250977, -22.2342472076416]"
LoRA_RMa_r8,LoRA,RMa,InF,r8,39320,-18.5088,0.3571,5,"[-18.358150482177734, -18.268224716186523, -18.39279556274414, -19.141555786132812, -18.38323402404785]"
LoRA_RMa_r8,LoRA,RMa,InH,r8,39320,-17.7615,1.2288,5,"[-18.387218475341797, -19.080074310302734, -18.4016056060791, -16.752134323120117, -16.186336517333984]"
LoRA_RMa_r8,LoRA,RMa,UMi,r8,39320,-16.4501,0.6181,5,"[-16.935420989990234, -17.142486572265625, -15.9639310836792, -15.6933012008667, -16.51553726196289]"
LoRA_RMa_r8,LoRA,RMa,UMa,r8,39320,-13.2720,3.5852,5,"[-13.983905792236328, -15.670316696166992, -7.746908664703369, -12.059364318847656, -16.899429321289062]"
LoRA_RMa_r8,LoRA,RMa,RMa,r8,39320,-18.5193,3.4737,5,"[-19.511089324951172, -20.58318328857422, -12.828712463378906, -17.94344711303711, -21.72989273071289]"
LoRA_UMa_r16,LoRA,UMa,InF,r16,78640,-19.4969,0.2121,5,"[-19.408220291137695, -19.86237335205078, -19.318134307861328, -19.418794631958008, -19.476993560791016]"
LoRA_UMa_r16,LoRA,UMa,InH,r16,78640,-19.4613,0.2406,5,"[-19.674983978271484, -19.695322036743164, -19.106046676635742, -19.396991729736328, -19.432937622070312]"
LoRA_UMa_r16,LoRA,UMa,UMi,r16,78640,-18.8639,0.8195,5,"[-19.674049377441406, -19.422672271728516, -19.247241973876953, -17.854087829589844, -18.121681213378906]"
LoRA_UMa_r16,LoRA,UMa,UMa,r16,78640,-14.9139,3.8365,5,"[-16.520082473754883, -17.35556411743164, -9.170313835144043, -12.941651344299316, -18.582054138183594]"
LoRA_UMa_r16,LoRA,UMa,RMa,r16,78640,-16.8651,2.8617,5,"[-17.246381759643555, -18.692718505859375, -11.939973831176758, -17.408523559570312, -19.03765296936035]"
LoRA_UMa_r20,LoRA,UMa,InF,r20,98304,-19.5032,0.1828,5,"[-19.422624588012695, -19.820459365844727, -19.35340118408203, -19.472366333007812, -19.44739532470703]"
LoRA_UMa_r20,LoRA,UMa,InH,r20,98304,-19.5017,0.2262,5,"[-19.757020950317383, -19.695566177368164, -19.206512451171875, -19.38602066040039, -19.463611602783203]"
LoRA_UMa_r20,LoRA,UMa,UMi,r20,98304,-18.8559,0.8398,5,"[-19.60112953186035, -19.514190673828125, -19.259037017822266, -17.81476593017578, -18.090469360351562]"
LoRA_UMa_r20,LoRA,UMa,UMa,r20,98304,-14.8795,3.8174,5,"[-16.45798110961914, -17.394453048706055, -9.172039985656738, -12.893933296203613, -18.479074478149414]"
LoRA_UMa_r20,LoRA,UMa,RMa,r20,98304,-16.8279,2.8834,5,"[-17.180335998535156, -18.854354858398438, -11.856383323669434, -17.43518829345703, -18.813003540039062]"
LoRA_UMa_r4,LoRA,UMa,InF,r4,19660,-19.6066,0.1872,5,"[-19.545900344848633, -19.934350967407227, -19.460142135620117, -19.557764053344727, -19.53472328186035]"
LoRA_UMa_r4,LoRA,UMa,InH,r4,19660,-19.6008,0.2307,5,"[-19.699657440185547, -19.890872955322266, -19.297901153564453, -19.449077606201172, -19.666301727294922]"
LoRA_UMa_r4,LoRA,UMa,UMi,r4,19660,-18.9217,0.9276,5,"[-19.68655776977539, -19.638126373291016, -19.455974578857422, -17.7981014251709, -18.029876708984375]"
LoRA_UMa_r4,LoRA,UMa,UMa,r4,19660,-14.9108,3.8386,5,"[-16.51612091064453, -17.49587059020996, -9.150123596191406, -12.933818817138672, -18.458263397216797]"
LoRA_UMa_r4,LoRA,UMa,RMa,r4,19660,-16.9966,2.8791,5,"[-17.36151695251465, -19.031967163085938, -12.038717269897461, -17.557588577270508, -18.993011474609375]"
LoRA_UMa_r8,LoRA,UMa,InF,r8,39320,-19.6025,0.2032,5,"[-19.512117385864258, -19.958702087402344, -19.44871711730957, -19.55501365661621, -19.537729263305664]"
LoRA_UMa_r8,LoRA,UMa,InH,r8,39320,-19.5954,0.2323,5,"[-19.74999237060547, -19.842729568481445, -19.26192283630371, -19.468538284301758, -19.653738021850586]"
LoRA_UMa_r8,LoRA,UMa,UMi,r8,39320,-18.9429,0.8592,5,"[-19.64215850830078, -19.65790557861328, -19.386045455932617, -17.889196395874023, -18.13898468017578]"
LoRA_UMa_r8,LoRA,UMa,UMa,r8,39320,-14.9416,3.8538,5,"[-16.480741500854492, -17.511106491088867, -9.161515235900879, -12.981804847717285, -18.572832107543945]"
LoRA_UMa_r8,LoRA,UMa,RMa,r8,39320,-16.9370,2.9132,5,"[-17.245891571044922, -18.86064338684082, -11.946645736694336, -17.466014862060547, -19.16597557067871]"
LoRA_UMi_r16,LoRA,UMi,InF,r16,78640,-19.1768,0.1691,5,"[-19.0725154876709, -19.47414779663086, -19.105365753173828, -19.080081939697266, -19.151805877685547]"
LoRA_UMi_r16,LoRA,UMi,InH,r16,78640,-19.2399,0.2163,5,"[-19.369842529296875, -19.382360458374023, -18.87547492980957, -19.366308212280273, -19.205310821533203]"
LoRA_UMi_r16,LoRA,UMi,UMi,r16,78640,-18.8065,0.8742,5,"[-19.441415786743164, -19.545124053955078, -19.32850456237793, -17.71975326538086, -17.997486114501953]"
LoRA_UMi_r16,LoRA,UMi,UMa,r16,78640,-13.1548,4.5415,5,"[-14.486953735351562, -16.20734405517578, -6.541938781738281, -10.719545364379883, -17.818422317504883]"
LoRA_UMi_r16,LoRA,UMi,RMa,r16,78640,-14.0106,4.0967,5,"[-14.657365798950195, -17.074989318847656, -7.693370819091797, -12.665817260742188, -17.96123695373535]"
LoRA_UMi_r20,LoRA,UMi,InF,r20,98304,-19.1483,0.1831,5,"[-19.040435791015625, -19.473812103271484, -19.05552101135254, -19.091304779052734, -19.080181121826172]"
LoRA_UMi_r20,LoRA,UMi,InH,r20,98304,-19.1919,0.2051,5,"[-19.363080978393555, -19.32953643798828, -18.859603881835938, -19.271625518798828, -19.135452270507812]"
LoRA_UMi_r20,LoRA,UMi,UMi,r20,98304,-18.7734,0.8979,5,"[-19.50438117980957, -19.49075698852539, -19.272611618041992, -17.676565170288086, -17.92250633239746]"
LoRA_UMi_r20,LoRA,UMi,UMa,r20,98304,-12.8352,4.6746,5,"[-14.229668617248535, -15.988100051879883, -5.994241714477539, -10.369973182678223, -17.593854904174805]"
LoRA_UMi_r20,LoRA,UMi,RMa,r20,98304,-13.6867,4.3113,5,"[-14.36169147491455, -16.874086380004883, -7.110958576202393, -12.143736839294434, -17.94280242919922]"
LoRA_UMi_r4,LoRA,UMi,InF,r4,19660,-19.3145,0.1380,5,"[-19.29996681213379, -19.55596351623535, -19.248210906982422, -19.221832275390625, -19.24648666381836]"
LoRA_UMi_r4,LoRA,UMi,InH,r4,19660,-19.3939,0.2343,5,"[-19.587310791015625, -19.563764572143555, -19.00603485107422, -19.370101928710938, -19.442298889160156]"
LoRA_UMi_r4,LoRA,UMi,UMi,r4,19660,-18.8830,0.8843,5,"[-19.693641662597656, -19.527095794677734, -19.323429107666016, -17.75347328186035, -18.117599487304688]"
LoRA_UMi_r4,LoRA,UMi,UMa,r4,19660,-14.4572,4.0654,5,"[-16.17478370666504, -17.120685577392578, -8.387580871582031, -12.318145751953125, -18.284738540649414]"
LoRA_UMi_r4,LoRA,UMi,RMa,r4,19660,-15.9114,3.2048,5,"[-16.333282470703125, -18.226587295532227, -10.604793548583984, -15.767553329467773, -18.624914169311523]"
LoRA_UMi_r8,LoRA,UMi,InF,r8,39320,-19.2857,0.1526,5,"[-19.197834014892578, -19.555850982666016, -19.214221954345703, -19.2053165435791, -19.25531768798828]"
LoRA_UMi_r8,LoRA,UMi,InH,r8,39320,-19.3488,0.1895,5,"[-19.453289031982422, -19.49748420715332, -19.021709442138672, -19.407470703125, -19.36410140991211]"
LoRA_UMi_r8,LoRA,UMi,UMi,r8,39320,-18.8560,0.8842,5,"[-19.580158233642578, -19.57438850402832, -19.32171058654785, -17.7457275390625, -18.05782699584961]"
LoRA_UMi_r8,LoRA,UMi,UMa,r8,39320,-13.5840,4.4380,5,"[-15.106447219848633, -16.56460189819336, -7.02545690536499, -11.26094913482666, -17.962535858154297]"
LoRA_UMi_r8,LoRA,UMi,RMa,r8,39320,-14.5963,3.9419,5,"[-15.291139602661133, -17.599225997924805, -8.419319152832031, -13.445745468139648, -18.225881576538086]"
Prompt_InF_len100,Prompt,InF,InF,len100,12800,-19.3901,0.1811,5,"[-19.34896469116211, -19.70230484008789, -19.229209899902344, -19.34125518798828, -19.328630447387695]"
Prompt_InF_len100,Prompt,InF,InH,len100,12800,-19.3161,0.2467,5,"[-19.542997360229492, -19.620990753173828, -19.086381912231445, -19.149639129638672, -19.180326461791992]"
Prompt_InF_len100,Prompt,InF,UMi,len100,12800,-18.5994,0.9653,5,"[-19.424358367919922, -19.28729248046875, -19.190555572509766, -17.473384857177734, -17.621614456176758]"
Prompt_InF_len100,Prompt,InF,UMa,len100,12800,-14.6775,3.8041,5,"[-16.24895477294922, -17.365703582763672, -8.918554306030273, -12.790847778320312, -18.06339454650879]"
Prompt_InF_len100,Prompt,InF,RMa,len100,12800,-16.8150,2.8918,5,"[-17.10476303100586, -18.688108444213867, -11.873231887817383, -17.31722640991211, -19.09182357788086]"
Prompt_InF_len200,Prompt,InF,InF,len200,25600,-19.4029,0.1894,5,"[-19.37390899658203, -19.73029327392578, -19.242441177368164, -19.343971252441406, -19.323909759521484]"
Prompt_InF_len200,Prompt,InF,InH,len200,25600,-19.3269,0.2550,5,"[-19.577205657958984, -19.626834869384766, -19.084144592285156, -19.147602081298828, -19.198471069335938]"
Prompt_InF_len200,Prompt,InF,UMi,len200,25600,-18.6016,0.9832,5,"[-19.4326229095459, -19.294265747070312, -19.22373390197754, -17.471582412719727, -17.585742950439453]"
Prompt_InF_len200,Prompt,InF,UMa,len200,25600,-14.5634,3.8728,5,"[-16.064430236816406, -17.308496475219727, -8.683923721313477, -12.705692291259766, -18.054410934448242]"
Prompt_InF_len200,Prompt,InF,RMa,len200,25600,-16.4906,3.1011,5,"[-16.84343719482422, -18.511451721191406, -11.273173332214355, -16.688629150390625, -19.136138916015625]"
Prompt_InF_len50,Prompt,InF,InF,len50,6400,-19.3888,0.1757,5,"[-19.34317398071289, -19.69438362121582, -19.24354362487793, -19.344249725341797, -19.318492889404297]"
Prompt_InF_len50,Prompt,InF,InH,len50,6400,-19.3318,0.2498,5,"[-19.572851181030273, -19.631141662597656, -19.101449966430664, -19.15647315979004, -19.197261810302734]"
Prompt_InF_len50,Prompt,InF,UMi,len50,6400,-18.6256,0.9560,5,"[-19.47231674194336, -19.292469024658203, -19.190561294555664, -17.498781204223633, -17.674053192138672]"
Prompt_InF_len50,Prompt,InF,UMa,len50,6400,-14.7255,3.7826,5,"[-16.32202911376953, -17.39507484436035, -9.017535209655762, -12.806793212890625, -18.08620834350586]"
Prompt_InF_len50,Prompt,InF,RMa,len50,6400,-16.9531,2.8211,5,"[-17.223100662231445, -18.77935791015625, -12.107361793518066, -17.564393997192383, -19.091339111328125]"
Prompt_InH_len100,Prompt,InH,InF,len100,12800,-19.2921,0.1792,5,"[-19.254117965698242, -19.60342025756836, -19.14972686767578, -19.2020263671875, -19.251190185546875]"
Prompt_InH_len100,Prompt,InH,InH,len100,12800,-19.2872,0.2175,5,"[-19.509754180908203, -19.498226165771484, -19.005939483642578, -19.163780212402344, -19.258501052856445]"
Prompt_InH_len100,Prompt,InH,UMi,len100,12800,-18.6704,0.9320,5,"[-19.475502014160156, -19.339332580566406, -19.214317321777344, -17.50851821899414, -17.81431770324707]"
Prompt_InH_len100,Prompt,InH,UMa,len100,12800,-14.6976,3.8259,5,"[-16.265365600585938, -17.326213836669922, -8.919222831726074, -12.791969299316406, -18.18499183654785]"
Prompt_InH_len100,Prompt,InH,RMa,len100,12800,-16.6156,2.8117,5,"[-16.86266326904297, -18.42246437072754, -11.795244216918945, -17.213481903076172, -18.78412628173828]"
Prompt_InH_len200,Prompt,InH,InF,len200,25600,-19.3094,0.1850,5,"[-19.280073165893555, -19.629919052124023, -19.15853500366211, -19.2203369140625, -19.257915496826172]"
Prompt_InH_len200,Prompt,InH,InH,len200,25600,-19.2863,0.2275,5,"[-19.517934799194336, -19.519702911376953, -19.00080108642578, -19.172164916992188, -19.220884323120117]"
Prompt_InH_len200,Prompt,InH,UMi,len200,25600,-18.6961,0.9455,5,"[-19.52397918701172, -19.351024627685547, -19.263351440429688, -17.53260040283203, -17.8095645904541]"
Prompt_InH_len200,Prompt,InH,UMa,len200,25600,-14.6026,3.8975,5,"[-16.126930236816406, -17.280101776123047, -8.692468643188477, -12.729034423828125, -18.184282302856445]"
Prompt_InH_len200,Prompt,InH,RMa,len200,25600,-16.3300,2.9932,5,"[-16.66502571105957, -18.238609313964844, -11.260610580444336, -16.64984893798828, -18.836143493652344]"
Prompt_InH_len50,Prompt,InH,InF,len50,6400,-19.2999,0.1766,5,"[-19.260784149169922, -19.608549118041992, -19.160415649414062, -19.228084564208984, -19.2417049407959]"
Prompt_InH_len50,Prompt,InH,InH,len50,6400,-19.2925,0.2127,5,"[-19.50597381591797, -19.510400772094727, -19.023880004882812, -19.175783157348633, -19.246553421020508]"
Prompt_InH_len50,Prompt,InH,UMi,len50,6400,-18.6763,0.9314,5,"[-19.506019592285156, -19.337799072265625, -19.202198028564453, -17.5384578704834, -17.79704475402832]"
Prompt_InH_len50,Prompt,InH,UMa,len50,6400,-14.7399,3.7958,5,"[-16.341135025024414, -17.3580379486084, -9.01594066619873, -12.816557884216309, -18.167827606201172]"
Prompt_InH_len50,Prompt,InH,RMa,len50,6400,-16.7963,2.7459,5,"[-17.026636123657227, -18.52957534790039, -12.058401107788086, -17.548282623291016, -18.818742752075195]"
Prompt_RMa_len100,Prompt,RMa,InF,len100,12800,-19.5358,0.2387,5,"[-19.539955139160156, -19.859451293945312, -19.210966110229492, -19.62841796875, -19.440380096435547]"
Prompt_RMa_len100,Prompt,RMa,InH,len100,12800,-19.3031,0.3963,5,"[-19.607093811035156, -19.760601043701172, -19.31283187866211, -18.79673194885254, -19.03825569152832]"
Prompt_RMa_len100,Prompt,RMa,UMi,len100,12800,-18.2952,1.1325,5,"[-19.15691566467285, -19.16649055480957, -19.03891944885254, -17.12239646911621, -16.99127960205078]"
Prompt_RMa_len100,Prompt,RMa,UMa,len100,12800,-14.4654,3.7158,5,"[-16.063379287719727, -17.416309356689453, -8.899365425109863, -12.477007865905762, -17.47074317932129]"
Prompt_RMa_len100,Prompt,RMa,RMa,len100,12800,-17.4028,3.0250,5,"[-17.679302215576172, -19.380191802978516, -12.28515625, -17.756195068359375, -19.913158416748047]"
Prompt_RMa_len200,Prompt,RMa,InF,len200,25600,-20.4473,0.2832,5,"[-20.567642211914062, -20.737817764282227, -20.00981330871582, -20.583309173583984, -20.338031768798828]"
Prompt_RMa_len200,Prompt,RMa,InH,len200,25600,-20.1798,0.4823,5,"[-20.501556396484375, -20.762845993041992, -20.187423706054688, -19.53582000732422, -19.911287307739258]"
Prompt_RMa_len200,Prompt,RMa,UMi,len200,25600,-18.8727,1.1545,5,"[-19.75684356689453, -19.82843589782715, -19.55228042602539, -17.63544464111328, -17.59071159362793]"
Prompt_RMa_len200,Prompt,RMa,UMa,len200,25600,-14.7685,3.9992,5,"[-16.228801727294922, -17.78650665283203, -8.837794303894043, -12.621927261352539, -18.36739158630371]"
Prompt_RMa_len200,Prompt,RMa,RMa,len200,25600,-17.8958,3.3987,5,"[-18.2098331451416, -20.224512100219727, -12.372636795043945, -17.599592208862305, -21.072307586669922]"
Prompt_RMa_len50,Prompt,RMa,InF,len50,6400,-19.3029,0.2156,5,"[-19.264846801757812, -19.63391876220703, -19.049442291259766, -19.353622436523438, -19.21270179748535]"
Prompt_RMa_len50,Prompt,RMa,InH,len50,6400,-19.1121,0.3272,5,"[-19.457027435302734, -19.428693771362305, -19.0837345123291, -18.73247528076172, -18.858732223510742]"
Prompt_RMa_len50,Prompt,RMa,UMi,len50,6400,-18.2988,1.0491,5,"[-19.146997451782227, -19.104293823242188, -18.9360294342041, -17.107030868530273, -17.19970703125]"
Prompt_RMa_len50,Prompt,RMa,UMa,len50,6400,-14.5095,3.7043,5,"[-16.09859848022461, -17.361337661743164, -8.950664520263672, -12.548027992248535, -17.588760375976562]"
Prompt_RMa_len50,Prompt,RMa,RMa,len50,6400,-17.1679,2.8437,5,"[-17.392436981201172, -18.957643508911133, -12.306924819946289, -17.751220703125, -19.43130111694336]"
Prompt_UMa_len100,Prompt,UMa,InF,len100,12800,-20.4255,0.1902,5,"[-20.431350708007812, -20.706920623779297, -20.17108726501465, -20.419578552246094, -20.398313522338867]"
Prompt_UMa_len100,Prompt,UMa,InH,len100,12800,-20.3122,0.2901,5,"[-20.53451919555664, -20.7026309967041, -20.136730194091797, -20.029027938842773, -20.157939910888672]"
Prompt_UMa_len100,Prompt,UMa,UMi,len100,12800,-19.3047,1.0703,5,"[-20.192081451416016, -20.1645565032959, -19.87624740600586, -18.004066467285156, -18.28631019592285]"
Prompt_UMa_len100,Prompt,UMa,UMa,len100,12800,-15.0953,3.9865,5,"[-16.670486450195312, -17.905824661254883, -9.157500267028809, -12.979471206665039, -18.763126373291016]"
Prompt_UMa_len100,Prompt,UMa,RMa,len100,12800,-17.5014,3.1469,5,"[-17.935726165771484, -19.7047119140625, -12.228986740112305, -17.534292221069336, -20.103342056274414]"
Prompt_UMa_len200,Prompt,UMa,InF,len200,25600,-21.3508,0.2150,5,"[-21.40363883972168, -21.613384246826172, -21.015005111694336, -21.36872100830078, -21.353042602539062]"
Prompt_UMa_len200,Prompt,UMa,InH,len200,25600,-21.1728,0.3607,5,"[-21.341320037841797, -21.724334716796875, -20.949316024780273, -20.83880615234375, -21.010265350341797]"
Prompt_UMa_len200,Prompt,UMa,UMi,len200,25600,-19.8879,1.1427,5,"[-20.706890106201172, -20.976858139038086, -20.43992805480957, -18.522489547729492, -18.79353904724121]"
Prompt_UMa_len200,Prompt,UMa,UMa,len200,25600,-15.3792,4.2535,5,"[-16.78946304321289, -18.33710289001465, -9.096670150756836, -13.148214340209961, -19.524559020996094]"
Prompt_UMa_len200,Prompt,UMa,RMa,len200,25600,-17.8500,3.5009,5,"[-18.25658416748047, -20.426836013793945, -12.18740463256836, -17.37789535522461, -21.001453399658203]"
Prompt_UMa_len50,Prompt,UMa,InF,len50,6400,-19.6889,0.1572,5,"[-19.652128219604492, -19.954620361328125, -19.53607940673828, -19.632516860961914, -19.669328689575195]"
Prompt_UMa_len50,Prompt,UMa,InH,len50,6400,-19.6419,0.2346,5,"[-19.806730270385742, -19.957284927368164, -19.394920349121094, -19.473262786865234, -19.577367782592773]"
Prompt_UMa_len50,Prompt,UMa,UMi,len50,6400,-18.9412,0.9167,5,"[-19.64342498779297, -19.732940673828125, -19.416202545166016, -17.76042366027832, -18.153051376342773]"
Prompt_UMa_len50,Prompt,UMa,UMa,len50,6400,-14.9261,3.8663,5,"[-16.456907272338867, -17.60205078125, -9.150017738342285, -12.909601211547852, -18.512069702148438]"
Prompt_UMa_len50,Prompt,UMa,RMa,len50,6400,-17.0367,2.8391,5,"[-17.350770950317383, -18.991748809814453, -12.169397354125977, -17.543840408325195, -19.12786865234375]"
Prompt_UMi_len100,Prompt,UMi,InF,len100,12800,-19.4127,0.1615,5,"[-19.38758087158203, -19.692157745361328, -19.28070640563965, -19.332775115966797, -19.370338439941406]"
Prompt_UMi_len100,Prompt,UMi,InH,len100,12800,-19.4343,0.2063,5,"[-19.586679458618164, -19.601417541503906, -19.117130279541016, -19.337146759033203, -19.529319763183594]"
Prompt_UMi_len100,Prompt,UMi,UMi,len100,12800,-18.8646,0.9010,5,"[-19.576417922973633, -19.576902389526367, -19.389799118041992, -17.721473693847656, -18.058208465576172]"
Prompt_UMi_len100,Prompt,UMi,UMa,len100,12800,-14.7599,3.9010,5,"[-16.289905548095703, -17.368417739868164, -8.881298065185547, -12.832056045532227, -18.427705764770508]"
Prompt_UMi_len100,Prompt,UMi,RMa,len100,12800,-16.6813,2.7963,5,"[-16.88828468322754, -18.650802612304688, -11.878351211547852, -17.346830368041992, -18.64202117919922]"
Prompt_UMi_len200,Prompt,UMi,InF,len200,25600,-19.4065,0.1690,5,"[-19.37628173828125, -19.695240020751953, -19.26817512512207, -19.30394172668457, -19.388765335083008]"
Prompt_UMi_len200,Prompt,UMi,InH,len200,25600,-19.4156,0.1945,5,"[-19.54925537109375, -19.544469833374023, -19.105178833007812, -19.341129302978516, -19.53799057006836]"
Prompt_UMi_len200,Prompt,UMi,UMi,len200,25600,-18.8936,0.9356,5,"[-19.601594924926758, -19.66524887084961, -19.428293228149414, -17.674915313720703, -18.0977783203125]"
Prompt_UMi_len200,Prompt,UMi,UMa,len200,25600,-14.6743,3.9804,5,"[-16.144018173217773, -17.373083114624023, -8.675765037536621, -12.736916542053223, -18.44181251525879]"
Prompt_UMi_len200,Prompt,UMi,RMa,len200,25600,-16.4351,2.9522,5,"[-16.66978645324707, -18.55835723876953, -11.425314903259277, -16.843320846557617, -18.678852081298828]"
Prompt_UMi_len50,Prompt,UMi,InF,len50,6400,-19.4046,0.1602,5,"[-19.371660232543945, -19.686237335205078, -19.291231155395508, -19.32630729675293, -19.347761154174805]"
Prompt_UMi_len50,Prompt,UMi,InH,len50,6400,-19.4220,0.2070,5,"[-19.600826263427734, -19.615901947021484, -19.11896514892578, -19.325557708740234, -19.448774337768555]"
Prompt_UMi_len50,Prompt,UMi,UMi,len50,6400,-18.8060,0.9159,5,"[-19.56258201599121, -19.501068115234375, -19.336902618408203, -17.65250015258789, -17.976947784423828]"
Prompt_UMi_len50,Prompt,UMi,UMa,len50,6400,-14.7888,3.8494,5,"[-16.356914520263672, -17.404821395874023, -9.003833770751953, -12.830486297607422, -18.3479061126709]"
Prompt_UMi_len50,Prompt,UMi,RMa,len50,6400,-16.8349,2.7354,5,"[-17.06876564025879, -18.687896728515625, -12.108562469482422, -17.597606658935547, -18.711545944213867]"
Hybrid_InF_p100_r10,Hybrid,InF,InF,p100_r10,61952,-18.8936,0.1416,5,"[-18.88260269165039, -19.12152099609375, -18.730518341064453, -18.85892677307129, -18.874267578125]"
Hybrid_InF_p100_r10,Hybrid,InF,InH,p100_r10,61952,-18.7747,0.2361,5,"[-18.93137550354004, -19.110000610351562, -18.552440643310547, -18.632116317749023, -18.64745330810547]"
Hybrid_InF_p100_r10,Hybrid,InF,UMi,p100_r10,61952,-18.0928,0.9016,5,"[-18.779571533203125, -18.766374588012695, -18.701156616210938, -17.01166343688965, -17.20547103881836]"
Hybrid_InF_p100_r10,Hybrid,InF,UMa,p100_r10,61952,-13.8469,3.9657,5,"[-15.331993103027344, -16.64885902404785, -7.923398971557617, -11.799572944641113, -17.530620574951172]"
Hybrid_InF_p100_r10,Hybrid,InF,RMa,p100_r10,61952,-14.9861,3.6373,5,"[-15.784071922302246, -17.616064071655273, -9.04705810546875, -14.378511428833008, -18.104780197143555]"
Hybrid_InF_p100_r5,Hybrid,InF,InF,p100_r5,36630,-19.2415,0.1319,5,"[-19.229358673095703, -19.454618453979492, -19.09145164489746, -19.20587730407715, -19.226003646850586]"
Hybrid_InF_p100_r5,Hybrid,InF,InH,p100_r5,36630,-19.1275,0.2760,5,"[-19.372936248779297, -19.478153228759766, -18.910493850708008, -18.973167419433594, -18.902549743652344]"
Hybrid_InF_p100_r5,Hybrid,InF,UMi,p100_r5,36630,-18.4034,0.9540,5,"[-19.28058624267578, -19.06513023376465, -18.929861068725586, -17.2630615234375, -17.478565216064453]"
Hybrid_InF_p100_r5,Hybrid,InF,UMa,p100_r5,36630,-14.0163,4.1012,5,"[-15.463521957397461, -16.868602752685547, -7.809634208679199, -12.079578399658203, -17.86039161682129]"
Hybrid_InF_p100_r5,Hybrid,InF,RMa,p100_r5,36630,-15.5666,3.5832,5,"[-16.30453872680664, -18.02962875366211, -9.614962577819824, -15.277520179748535, -18.606430053710938]"
Hybrid_InF_p150_r15,Hybrid,InF,InF,p150_r15,92672,-18.7010,0.1469,5,"[-18.688066482543945, -18.935138702392578, -18.531343460083008, -18.65047264099121, -18.699748992919922]"
Hybrid_InF_p150_r15,Hybrid,InF,InH,p150_r15,92672,-18.5989,0.2260,5,"[-18.76255989074707, -18.907207489013672, -18.369468688964844, -18.465621948242188, -18.489412307739258]"
Hybrid_InF_p150_r15,Hybrid,InF,UMi,p150_r15,92672,-17.9696,0.9219,5,"[-18.683761596679688, -18.65945053100586, -18.577133178710938, -16.862028121948242, -17.06540870666504]"
Hybrid_InF_p150_r15,Hybrid,InF,UMa,p150_r15,92672,-13.7494,3.9793,5,"[-15.268134117126465, -16.56017303466797, -7.75277853012085, -11.773815155029297, -17.391990661621094]"
Hybrid_InF_p150_r15,Hybrid,InF,RMa,p150_r15,92672,-14.7880,3.6136,5,"[-15.58017349243164, -17.426273345947266, -8.851384162902832, -14.271661758422852, -17.810413360595703]"
Hybrid_InF_p200_r20,Hybrid,InF,InF,p200_r20,123904,-18.5675,0.1434,5,"[-18.556364059448242, -18.78949737548828, -18.39316177368164, -18.519027709960938, -18.579334259033203]"
Hybrid_InF_p200_r20,Hybrid,InF,InH,p200_r20,123904,-18.4711,0.2284,5,"[-18.60323143005371, -18.805330276489258, -18.247316360473633, -18.34967041015625, -18.350101470947266]"
Hybrid_InF_p200_r20,Hybrid,InF,UMi,p200_r20,123904,-17.8334,0.9103,5,"[-18.55076789855957, -18.509979248046875, -18.426084518432617, -16.747236251831055, -16.9328670501709]"
Hybrid_InF_p200_r20,Hybrid,InF,UMa,p200_r20,123904,-13.5824,3.9802,5,"[-15.115528106689453, -16.39005470275879, -7.636999130249023, -11.512480735778809, -17.256906509399414]"
Hybrid_InF_p200_r20,Hybrid,InF,RMa,p200_r20,123904,-14.5042,3.6923,5,"[-15.311895370483398, -17.208372116088867, -8.500298500061035, -13.824786186218262, -17.67584228515625]"
Hybrid_InF_p25_r2,Hybrid,InF,InF,p25_r2,12752,-19.3416,0.1418,5,"[-19.30794906616211, -19.583515167236328, -19.207406997680664, -19.302770614624023, -19.306509017944336]"
Hybrid_InF_p25_r2,Hybrid,InF,InH,p25_r2,12752,-19.2645,0.2760,5,"[-19.508544921875, -19.616806030273438, -19.036705017089844, -19.105541229248047, -19.055021286010742]"
Hybrid_InF_p25_r2,Hybrid,InF,UMi,p25_r2,12752,-18.5130,0.9384,5,"[-19.337570190429688, -19.16696548461914, -19.074724197387695, -17.397579193115234, -17.588123321533203]"
Hybrid_InF_p25_r2,Hybrid,InF,UMa,p25_r2,12752,-14.3014,3.9288,5,"[-15.763195037841797, -17.027524948120117, -8.372628211975098, -12.387223243713379, -17.956504821777344]"
Hybrid_InF_p25_r2,Hybrid,InF,RMa,p25_r2,12752,-16.2176,3.2077,5,"[-16.734535217285156, -18.3958683013916, -10.816951751708984, -16.282060623168945, -18.85846710205078]"
Hybrid_InF_p300_r25,Hybrid,InF,InF,p300_r25,161280,-18.3894,0.1555,5,"[-18.38564109802246, -18.640628814697266, -18.21660614013672, -18.330097198486328, -18.374109268188477]"
Hybrid_InF_p300_r25,Hybrid,InF,InH,p300_r25,161280,-18.3209,0.2087,5,"[-18.46279525756836, -18.59805679321289, -18.07105255126953, -18.220487594604492, -18.252281188964844]"
Hybrid_InF_p300_r25,Hybrid,InF,UMi,p300_r25,161280,-17.7165,0.8817,5,"[-18.357433319091797, -18.40887451171875, -18.301969528198242, -16.622604370117188, -16.891817092895508]"
Hybrid_InF_p300_r25,Hybrid,InF,UMa,p300_r25,161280,-13.3747,4.0289,5,"[-14.916011810302734, -16.162311553955078, -7.385226249694824, -11.24420166015625, -17.165542602539062]"
Hybrid_InF_p300_r25,Hybrid,InF,RMa,p300_r25,161280,-14.2159,3.7383,5,"[-15.068922996520996, -16.952016830444336, -8.148848533630371, -13.479236602783203, -17.430362701416016]"
Hybrid_InF_p50_r10,Hybrid,InF,InF,p50_r10,55552,-18.9140,0.1379,5,"[-18.902835845947266, -19.131561279296875, -18.74880027770996, -18.878032684326172, -18.908618927001953]"
Hybrid_InF_p50_r10,Hybrid,InF,InH,p50_r10,55552,-18.7975,0.2417,5,"[-18.948537826538086, -19.14740562438965, -18.585119247436523, -18.62363624572754, -18.682701110839844]"
Hybrid_InF_p50_r10,Hybrid,InF,UMi,p50_r10,55552,-18.1277,0.9238,5,"[-18.83905601501465, -18.83534812927246, -18.72492218017578, -17.025537490844727, -17.213762283325195]"
Hybrid_InF_p50_r10,Hybrid,InF,UMa,p50_r10,55552,-14.0376,3.9078,5,"[-15.582324028015137, -16.841808319091797, -8.159649848937988, -12.052994728088379, -17.55113410949707]"
Hybrid_InF_p50_r10,Hybrid,InF,RMa,p50_r10,55552,-15.3148,3.4764,5,"[-16.075641632080078, -17.7885684967041, -9.533859252929688, -15.00951862335205, -18.166261672973633]"
Hybrid_InF_p50_r5,Hybrid,InF,InF,p50_r5,30230,-19.2699,0.1272,5,"[-19.269208908081055, -19.46084213256836, -19.103090286254883, -19.248363494873047, -19.267866134643555]"
Hybrid_InF_p50_r5,Hybrid,InF,InH,p50_r5,30230,-19.1822,0.2821,5,"[-19.438121795654297, -19.531890869140625, -18.90821075439453, -19.00169563293457, -19.03113555908203]"
Hybrid_InF_p50_r5,Hybrid,InF,UMi,p50_r5,30230,-18.4204,0.9360,5,"[-19.22415542602539, -19.110647201538086, -18.9620418548584, -17.31153678894043, -17.49357795715332]"
Hybrid_InF_p50_r5,Hybrid,InF,UMa,p50_r5,30230,-14.1327,4.0432,5,"[-15.533916473388672, -17.0012264251709, -8.014996528625488, -12.222418785095215, -17.890871047973633]"
Hybrid_InF_p50_r5,Hybrid,InF,RMa,p50_r5,30230,-15.6380,3.5455,5,"[-16.323486328125, -18.121736526489258, -9.757001876831055, -15.35378360748291, -18.633869171142578]"
Hybrid_InF_p75_r8,Hybrid,InF,InF,p75_r8,48896,-19.0269,0.1413,5,"[-19.016878128051758, -19.249216079711914, -18.857505798339844, -18.985797882080078, -19.02496910095215]"
Hybrid_InF_p75_r8,Hybrid,InF,InH,p75_r8,48896,-18.9262,0.2655,5,"[-19.1216983795166, -19.29291343688965, -18.688474655151367, -18.75868034362793, -18.769241333007812]"
Hybrid_InF_p75_r8,Hybrid,InF,UMi,p75_r8,48896,-18.2201,0.9190,5,"[-18.94221305847168, -18.933734893798828, -18.788082122802734, -17.12441062927246, -17.312179565429688]"
Hybrid_InF_p75_r8,Hybrid,InF,UMa,p75_r8,48896,-14.0510,3.9458,5,"[-15.509385108947754, -16.86526107788086, -8.108343124389648, -12.100310325622559, -17.671592712402344]"
Hybrid_InF_p75_r8,Hybrid,InF,RMa,p75_r8,48896,-15.3013,3.5759,5,"[-16.057247161865234, -17.778480529785156, -9.378320693969727, -14.952089309692383, -18.34056282043457]"
Hybrid_InH_p100_r10,Hybrid,InH,InF,p100_r10,61952,-19.0821,0.1608,5,"[-19.055749893188477, -19.342832565307617, -18.902742385864258, -19.032203674316406, -19.0767765045166]"
Hybrid_InH_p100_r10,Hybrid,InH,InH,p100_r10,61952,-19.0475,0.1869,5,"[-19.183950424194336, -19.25952911376953, -18.836788177490234, -18.873241424560547, -19.08409881591797]"
Hybrid_InH_p100_r10,Hybrid,InH,UMi,p100_r10,61952,-18.3536,0.8776,5,"[-19.072444915771484, -19.07630157470703, -18.810523986816406, -17.27996253967285, -17.528858184814453]"
Hybrid_InH_p100_r10,Hybrid,InH,UMa,p100_r10,61952,-13.6967,4.1637,5,"[-15.11466121673584, -16.621501922607422, -7.470823287963867, -11.617986679077148, -17.65862274169922]"
Hybrid_InH_p100_r10,Hybrid,InH,RMa,p100_r10,61952,-14.7143,3.9330,5,"[-15.533514022827148, -17.54751968383789, -8.419686317443848, -13.792309761047363, -18.27840232849121]"
Hybrid_InH_p100_r5,Hybrid,InH,InF,p100_r5,36630,-19.2898,0.1649,5,"[-19.26831817626953, -19.566722869873047, -19.123746871948242, -19.241607666015625, -19.248390197753906]"
Hybrid_InH_p100_r5,Hybrid,InH,InH,p100_r5,36630,-19.2756,0.2263,5,"[-19.485965728759766, -19.53272247314453, -19.03740882873535, -19.085206985473633, -19.236745834350586]"
Hybrid_InH_p100_r5,Hybrid,InH,UMi,p100_r5,36630,-18.5399,0.9423,5,"[-19.386829376220703, -19.237668991088867, -19.030353546142578, -17.387710571289062, -17.65683937072754]"
Hybrid_InH_p100_r5,Hybrid,InH,UMa,p100_r5,36630,-14.0515,4.0726,5,"[-15.524101257324219, -16.909748077392578, -7.9692559242248535, -11.971074104309082, -17.88353157043457]"
Hybrid_InH_p100_r5,Hybrid,InH,RMa,p100_r5,36630,-15.3438,3.7523,5,"[-16.163894653320312, -17.929821014404297, -9.22714900970459, -14.714967727661133, -18.683029174804688]"
Hybrid_InH_p150_r15,Hybrid,InH,InF,p150_r15,92672,-18.8115,0.1648,5,"[-18.796104431152344, -19.08320426940918, -18.637615203857422, -18.749128341674805, -18.791606903076172]"
Hybrid_InH_p150_r15,Hybrid,InH,InH,p150_r15,92672,-18.8439,0.1972,5,"[-18.97941017150879, -18.994407653808594, -18.54567527770996, -18.736936569213867, -18.962913513183594]"
Hybrid_InH_p150_r15,Hybrid,InH,UMi,p150_r15,92672,-18.1808,0.8781,5,"[-18.911609649658203, -18.898252487182617, -18.636920928955078, -17.144411087036133, -17.312755584716797]"
Hybrid_InH_p150_r15,Hybrid,InH,UMa,p150_r15,92672,-13.5438,4.0902,5,"[-15.064801216125488, -16.397653579711914, -7.471035957336426, -11.381124496459961, -17.404464721679688]"
Hybrid_InH_p150_r15,Hybrid,InH,RMa,p150_r15,92672,-14.2778,3.9785,5,"[-15.122112274169922, -17.105823516845703, -7.905437469482422, -13.352856636047363, -17.902956008911133]"
Hybrid_InH_p200_r20,Hybrid,InH,InF,p200_r20,123904,-18.6698,0.1722,5,"[-18.63721466064453, -18.955406188964844, -18.49628448486328, -18.59369659423828, -18.66619300842285]"
Hybrid_InH_p200_r20,Hybrid,InH,InH,p200_r20,123904,-18.7023,0.1801,5,"[-18.796527862548828, -18.83867073059082, -18.421310424804688, -18.622642517089844, -18.83240509033203]"
Hybrid_InH_p200_r20,Hybrid,InH,UMi,p200_r20,123904,-18.0706,0.8496,5,"[-18.742464065551758, -18.77853775024414, -18.533403396606445, -17.043262481689453, -17.25509262084961]"
Hybrid_InH_p200_r20,Hybrid,InH,UMa,p200_r20,123904,-13.3561,4.1465,5,"[-14.84728717803955, -16.26961898803711, -7.223186016082764, -11.141641616821289, -17.29874610900879]"
Hybrid_InH_p200_r20,Hybrid,InH,RMa,p200_r20,123904,-14.0134,3.9652,5,"[-14.838777542114258, -16.90790557861328, -7.687413215637207, -13.033956527709961, -17.598878860473633]"
Hybrid_InH_p25_r2,Hybrid,InH,InF,p25_r2,12752,-19.4100,0.1868,5,"[-19.368345260620117, -19.73322105407715, -19.24846076965332, -19.354915618896484, -19.345075607299805]"
Hybrid_InH_p25_r2,Hybrid,InH,InH,p25_r2,12752,-19.4097,0.2187,5,"[-19.638410568237305, -19.634199142456055, -19.165098190307617, -19.245960235595703, -19.36507797241211]"
Hybrid_InH_p25_r2,Hybrid,InH,UMi,p25_r2,12752,-18.7028,0.9948,5,"[-19.569217681884766, -19.440628051757812, -19.260757446289062, -17.535825729370117, -17.707664489746094]"
Hybrid_InH_p25_r2,Hybrid,InH,UMa,p25_r2,12752,-14.4901,3.8600,5,"[-16.045089721679688, -17.195293426513672, -8.664451599121094, -12.561641693115234, -17.983867645263672]"
Hybrid_InH_p25_r2,Hybrid,InH,RMa,p25_r2,12752,-16.4938,3.0711,5,"[-17.02438735961914, -18.5927734375, -11.285833358764648, -16.64444351196289, -18.92145538330078]"
Hybrid_InH_p300_r25,Hybrid,InH,InF,p300_r25,161280,-18.5683,0.1668,5,"[-18.543655395507812, -18.843345642089844, -18.397676467895508, -18.491455078125, -18.565330505371094]"
Hybrid_InH_p300_r25,Hybrid,InH,InH,p300_r25,161280,-18.5916,0.1948,5,"[-18.731035232543945, -18.736419677734375, -18.29644775390625, -18.487031936645508, -18.706993103027344]"
Hybrid_InH_p300_r25,Hybrid,InH,UMi,p300_r25,161280,-18.0066,0.8553,5,"[-18.653738021850586, -18.741844177246094, -18.47796630859375, -16.96426773071289, -17.19522476196289]"
Hybrid_InH_p300_r25,Hybrid,InH,UMa,p300_r25,161280,-13.2323,4.1605,5,"[-14.751014709472656, -16.14484214782715, -7.084918022155762, -10.992986679077148, -17.18779754638672]"
Hybrid_InH_p300_r25,Hybrid,InH,RMa,p300_r25,161280,-13.8372,4.0169,5,"[-14.727609634399414, -16.769641876220703, -7.47488260269165, -12.714488983154297, -17.499412536621094]"
Hybrid_InH_p50_r10,Hybrid,InH,InF,p50_r10,55552,-19.0667,0.1695,5,"[-19.047529220581055, -19.340118408203125, -18.872373580932617, -19.025611877441406, -19.047760009765625]"
Hybrid_InH_p50_r10,Hybrid,InH,InH,p50_r10,55552,-19.0454,0.1913,5,"[-19.16699981689453, -19.259876251220703, -18.813447952270508, -18.878469467163086, -19.108322143554688]"
Hybrid_InH_p50_r10,Hybrid,InH,UMi,p50_r10,55552,-18.3515,0.8798,5,"[-19.090688705444336, -19.071561813354492, -18.796937942504883, -17.302106857299805, -17.496044158935547]"
Hybrid_InH_p50_r10,Hybrid,InH,UMa,p50_r10,55552,-13.6441,4.1454,5,"[-15.091767311096191, -16.556781768798828, -7.454104423522949, -11.544962882995605, -17.57299041748047]"
Hybrid_InH_p50_r10,Hybrid,InH,RMa,p50_r10,55552,-14.6867,3.9042,5,"[-15.559904098510742, -17.539756774902344, -8.459395408630371, -13.683177947998047, -18.191316604614258]"
Hybrid_InH_p50_r5,Hybrid,InH,InF,p50_r5,30230,-19.3522,0.1649,5,"[-19.328857421875, -19.618797302246094, -19.165372848510742, -19.305885314941406, -19.3422908782959]"
Hybrid_InH_p50_r5,Hybrid,InH,InH,p50_r5,30230,-19.3411,0.2213,5,"[-19.554916381835938, -19.582630157470703, -19.106353759765625, -19.151813507080078, -19.309602737426758]"
Hybrid_InH_p50_r5,Hybrid,InH,UMi,p50_r5,30230,-18.5349,0.9377,5,"[-19.379772186279297, -19.302595138549805, -18.931516647338867, -17.391284942626953, -17.66936683654785]"
Hybrid_InH_p50_r5,Hybrid,InH,UMa,p50_r5,30230,-13.8387,4.1746,5,"[-15.19546890258789, -16.80992317199707, -7.621078968048096, -11.734130859375, -17.832847595214844]"
Hybrid_InH_p50_r5,Hybrid,InH,RMa,p50_r5,30230,-15.0753,3.9202,5,"[-15.861187934875488, -17.7154483795166, -8.771878242492676, -14.276687622070312, -18.751256942749023]"
Hybrid_InH_p75_r8,Hybrid,InH,InF,p75_r8,48896,-19.1390,0.1702,5,"[-19.122821807861328, -19.414995193481445, -18.94687843322754, -19.095077514648438, -19.115201950073242]"
Hybrid_InH_p75_r8,Hybrid,InH,InH,p75_r8,48896,-19.1399,0.2032,5,"[-19.276348114013672, -19.3687801361084, -18.906225204467773, -18.94983673095703, -19.19813346862793]"
Hybrid_InH_p75_r8,Hybrid,InH,UMi,p75_r8,48896,-18.3993,0.9125,5,"[-19.175113677978516, -19.14741325378418, -18.847105026245117, -17.3037166595459, -17.52295684814453]"
Hybrid_InH_p75_r8,Hybrid,InH,UMa,p75_r8,48896,-13.9339,4.0633,5,"[-15.380486488342285, -16.8377685546875, -7.826076507568359, -11.925846099853516, -17.69940185546875]"
Hybrid_InH_p75_r8,Hybrid,InH,RMa,p75_r8,48896,-14.9975,3.8333,5,"[-15.837837219238281, -17.684560775756836, -8.80337905883789, -14.21817398071289, -18.44371223449707]"
Hybrid_RMa_p100_r10,Hybrid,RMa,InF,p100_r10,61952,-17.3908,0.4554,5,"[-17.446475982666016, -17.274410247802734, -17.004634857177734, -18.145309448242188, -17.083101272583008]"
Hybrid_RMa_p100_r10,Hybrid,RMa,InH,p100_r10,61952,-16.5811,1.0972,5,"[-17.410663604736328, -17.423227310180664, -17.308103561401367, -15.46182632446289, -15.301715850830078]"
Hybrid_RMa_p100_r10,Hybrid,RMa,UMi,p100_r10,61952,-15.2796,0.5480,5,"[-15.94822883605957, -15.721625328063965, -15.121786117553711, -15.003250122070312, -14.603239059448242]"
Hybrid_RMa_p100_r10,Hybrid,RMa,UMa,p100_r10,61952,-12.6408,3.0823,5,"[-13.563852310180664, -15.073918342590332, -7.688502788543701, -11.791058540344238, -15.086737632751465]"
Hybrid_RMa_p100_r10,Hybrid,RMa,RMa,p100_r10,61952,-18.9785,3.8652,5,"[-20.090137481689453, -21.2880916595459, -12.821913719177246, -17.943450927734375, -22.74868392944336]"
Hybrid_RMa_p100_r5,Hybrid,RMa,InF,p100_r5,36630,-17.6053,0.4537,5,"[-17.879358291625977, -17.529796600341797, -17.100313186645508, -18.227888107299805, -17.289098739624023]"
Hybrid_RMa_p100_r5,Hybrid,RMa,InH,p100_r5,36630,-16.5613,1.2028,5,"[-17.390073776245117, -17.443540573120117, -17.47870635986328, -15.360803604125977, -15.133347511291504]"
Hybrid_RMa_p100_r5,Hybrid,RMa,UMi,p100_r5,36630,-15.5641,0.6683,5,"[-16.223817825317383, -16.032386779785156, -15.77773666381836, -15.19863224029541, -14.588014602661133]"
Hybrid_RMa_p100_r5,Hybrid,RMa,UMa,p100_r5,36630,-12.9425,3.1018,5,"[-13.974485397338867, -15.459891319274902, -7.976154804229736, -12.005778312683105, -15.29620361328125]"
Hybrid_RMa_p100_r5,Hybrid,RMa,RMa,p100_r5,36630,-19.2912,4.2081,5,"[-20.47938346862793, -21.617834091186523, -12.773828506469727, -17.874984741210938, -23.709808349609375]"
Hybrid_RMa_p150_r15,Hybrid,RMa,InF,p150_r15,92672,-17.0568,0.5052,5,"[-17.10617446899414, -16.993566513061523, -16.631643295288086, -17.883617401123047, -16.669231414794922]"
Hybrid_RMa_p150_r15,Hybrid,RMa,InH,p150_r15,92672,-15.9852,1.2373,5,"[-16.899410247802734, -16.90174102783203, -16.842426300048828, -14.86453914642334, -14.417720794677734]"
Hybrid_RMa_p150_r15,Hybrid,RMa,UMi,p150_r15,92672,-14.9063,0.5667,5,"[-15.48776626586914, -15.496582984924316, -14.525660514831543, -14.77602481842041, -14.245696067810059]"
Hybrid_RMa_p150_r15,Hybrid,RMa,UMa,p150_r15,92672,-12.4993,3.1045,5,"[-13.187912940979004, -15.125641822814941, -7.511370658874512, -11.770524024963379, -14.901042938232422]"
Hybrid_RMa_p150_r15,Hybrid,RMa,RMa,p150_r15,92672,-19.2764,4.1368,5,"[-20.29149627685547, -21.63656234741211, -12.82177734375, -18.036787033081055, -23.59536361694336]"
Hybrid_RMa_p200_r20,Hybrid,RMa,InF,p200_r20,123904,-16.5882,0.5773,5,"[-16.68740463256836, -16.653377532958984, -16.038585662841797, -17.46725845336914, -16.09417152404785]"
Hybrid_RMa_p200_r20,Hybrid,RMa,InH,p200_r20,123904,-15.5478,1.1688,5,"[-16.531517028808594, -16.180402755737305, -16.475202560424805, -14.299823760986328, -14.25192928314209]"
Hybrid_RMa_p200_r20,Hybrid,RMa,UMi,p200_r20,123904,-14.5304,0.6996,5,"[-15.344011306762695, -14.985111236572266, -14.288137435913086, -14.519362449645996, -13.515378952026367]"
Hybrid_RMa_p200_r20,Hybrid,RMa,UMa,p200_r20,123904,-12.2410,2.9082,5,"[-13.274192810058594, -14.741135597229004, -7.466213226318359, -11.64865493774414, -14.07463550567627]"
Hybrid_RMa_p200_r20,Hybrid,RMa,RMa,p200_r20,123904,-19.2792,4.0891,5,"[-20.378847122192383, -21.756046295166016, -12.879470825195312, -17.989131927490234, -23.39246940612793]"
Hybrid_RMa_p25_r2,Hybrid,RMa,InF,p25_r2,12752,-17.4741,0.4530,5,"[-17.78040313720703, -17.376510620117188, -16.963783264160156, -18.078487396240234, -17.1711368560791]"
Hybrid_RMa_p25_r2,Hybrid,RMa,InH,p25_r2,12752,-16.4738,1.1457,5,"[-17.435434341430664, -17.208454132080078, -17.2807674407959, -15.249285697937012, -15.194841384887695]"
Hybrid_RMa_p25_r2,Hybrid,RMa,UMi,p25_r2,12752,-15.5505,0.8064,5,"[-16.454198837280273, -15.813663482666016, -16.046579360961914, -14.926345825195312, -14.511560440063477]"
Hybrid_RMa_p25_r2,Hybrid,RMa,UMa,p25_r2,12752,-13.0113,2.9680,5,"[-14.335328102111816, -15.263280868530273, -8.234237670898438, -12.051431655883789, -15.172406196594238]"
Hybrid_RMa_p25_r2,Hybrid,RMa,RMa,p25_r2,12752,-19.0085,4.0079,5,"[-19.967525482177734, -21.000452041625977, -12.69527530670166, -18.057605743408203, -23.32168960571289]"
Hybrid_RMa_p300_r25,Hybrid,RMa,InF,p300_r25,161280,-16.4879,0.5378,5,"[-16.430166244506836, -16.320518493652344, -16.174776077270508, -17.421470642089844, -16.092748641967773]"
Hybrid_RMa_p300_r25,Hybrid,RMa,InH,p300_r25,161280,-15.5024,1.2742,5,"[-16.286724090576172, -16.564123153686523, -16.422260284423828, -14.319819450378418, -13.91894817352295]"
Hybrid_RMa_p300_r25,Hybrid,RMa,UMi,p300_r25,161280,-14.3420,0.4831,5,"[-14.759244918823242, -14.883598327636719, -13.934690475463867, -14.338190078735352, -13.794256210327148]"
Hybrid_RMa_p300_r25,Hybrid,RMa,UMa,p300_r25,161280,-12.0507,2.9209,5,"[-12.568178176879883, -14.54592514038086, -7.319561958312988, -11.536503791809082, -14.283315658569336]"
Hybrid_RMa_p300_r25,Hybrid,RMa,RMa,p300_r25,161280,-19.1933,4.0003,5,"[-20.353830337524414, -21.590057373046875, -12.877325057983398, -18.001420974731445, -23.143882751464844]"
Hybrid_RMa_p50_r10,Hybrid,RMa,InF,p50_r10,55552,-18.3507,0.3594,5,"[-18.218364715576172, -18.23798370361328, -18.138301849365234, -18.989694595336914, -18.169025421142578]"
Hybrid_RMa_p50_r10,Hybrid,RMa,InH,p50_r10,55552,-17.5156,1.3218,5,"[-18.339523315429688, -18.69879913330078, -18.33678436279297, -16.44439125061035, -15.758466720581055]"
Hybrid_RMa_p50_r10,Hybrid,RMa,UMi,p50_r10,55552,-16.1574,0.5449,5,"[-16.595510482788086, -16.815671920776367, -15.873844146728516, -15.475826263427734, -16.02595329284668]"
Hybrid_RMa_p50_r10,Hybrid,RMa,UMa,p50_r10,55552,-13.1186,3.4441,5,"[-13.804952621459961, -15.54069995880127, -7.8033833503723145, -11.939135551452637, -16.504894256591797]"
Hybrid_RMa_p50_r10,Hybrid,RMa,RMa,p50_r10,55552,-18.8703,3.7824,5,"[-19.86929702758789, -21.08193588256836, -12.829728126525879, -17.95659637451172, -22.613872528076172]"
Hybrid_RMa_p50_r5,Hybrid,RMa,InF,p50_r5,30230,-18.0742,0.3640,5,"[-18.14771270751953, -17.966983795166016, -17.754438400268555, -18.66834259033203, -17.8336181640625]"
Hybrid_RMa_p50_r5,Hybrid,RMa,InH,p50_r5,30230,-17.2408,1.1832,5,"[-17.886314392089844, -18.396041870117188, -17.98978042602539, -16.100643157958984, -15.831005096435547]"
Hybrid_RMa_p50_r5,Hybrid,RMa,UMi,p50_r5,30230,-15.9422,0.5970,5,"[-16.415332794189453, -16.666568756103516, -15.901061058044434, -15.306306838989258, -15.421630859375]"
Hybrid_RMa_p50_r5,Hybrid,RMa,UMa,p50_r5,30230,-13.0406,3.2604,5,"[-13.826286315917969, -15.647282600402832, -7.926101207733154, -11.969294548034668, -15.834015846252441]"
Hybrid_RMa_p50_r5,Hybrid,RMa,RMa,p50_r5,30230,-18.9784,3.9319,5,"[-19.896038055419922, -21.02484703063965, -12.754916191101074, -18.081832885742188, -23.134578704833984]"
Hybrid_RMa_p75_r8,Hybrid,RMa,InF,p75_r8,48896,-17.7421,0.4705,5,"[-17.806018829345703, -17.650341033935547, -17.345932006835938, -18.513643264770508, -17.394567489624023]"
Hybrid_RMa_p75_r8,Hybrid,RMa,InH,p75_r8,48896,-16.7411,1.2353,5,"[-17.39681625366211, -17.807222366333008, -17.68496322631836, -15.624425888061523, -15.192058563232422]"
Hybrid_RMa_p75_r8,Hybrid,RMa,UMi,p75_r8,48896,-15.5373,0.6665,5,"[-16.337581634521484, -16.10865020751953, -15.404556274414062, -15.029644012451172, -14.806234359741211]"
Hybrid_RMa_p75_r8,Hybrid,RMa,UMa,p75_r8,48896,-12.8125,3.1617,5,"[-13.875221252441406, -15.321749687194824, -7.789844512939453, -11.765480995178223, -15.309955596923828]"
Hybrid_RMa_p75_r8,Hybrid,RMa,RMa,p75_r8,48896,-19.0808,3.9409,5,"[-20.15749740600586, -21.52846336364746, -12.805889129638672, -18.02581024169922, -22.886579513549805]"
Hybrid_UMa_p100_r10,Hybrid,UMa,InF,p100_r10,61952,-19.5789,0.1841,5,"[-19.521976470947266, -19.88970184326172, -19.39708709716797, -19.53994369506836, -19.545650482177734]"
Hybrid_UMa_p100_r10,Hybrid,UMa,InH,p100_r10,61952,-19.6053,0.3246,5,"[-19.886831283569336, -19.978057861328125, -19.21438980102539, -19.38458251953125, -19.562602996826172]"
Hybrid_UMa_p100_r10,Hybrid,UMa,UMi,p100_r10,61952,-18.8783,0.9956,5,"[-19.732141494750977, -19.646846771240234, -19.416444778442383, -17.693971633911133, -17.902130126953125]"
Hybrid_UMa_p100_r10,Hybrid,UMa,UMa,p100_r10,61952,-14.9085,3.8239,5,"[-16.54971694946289, -17.540122985839844, -9.183856010437012, -12.891721725463867, -18.37692642211914]"
Hybrid_UMa_p100_r10,Hybrid,UMa,RMa,p100_r10,61952,-16.9665,2.9696,5,"[-17.282058715820312, -18.807861328125, -11.897845268249512, -17.459226608276367, -19.385290145874023]"
Hybrid_UMa_p100_r5,Hybrid,UMa,InF,p100_r5,36630,-19.5252,0.1746,5,"[-19.49394416809082, -19.828937530517578, -19.385093688964844, -19.445703506469727, -19.47229766845703]"
Hybrid_UMa_p100_r5,Hybrid,UMa,InH,p100_r5,36630,-19.5202,0.2254,5,"[-19.589155197143555, -19.78483009338379, -19.179157257080078, -19.44632339477539, -19.601715087890625]"
Hybrid_UMa_p100_r5,Hybrid,UMa,UMi,p100_r5,36630,-18.8561,0.8485,5,"[-19.566787719726562, -19.519664764404297, -19.322154998779297, -17.827369689941406, -18.04447364807129]"
Hybrid_UMa_p100_r5,Hybrid,UMa,UMa,p100_r5,36630,-14.9322,3.8488,5,"[-16.489810943603516, -17.458696365356445, -9.149925231933594, -12.991362571716309, -18.57122230529785]"
Hybrid_UMa_p100_r5,Hybrid,UMa,RMa,p100_r5,36630,-16.8342,2.8590,5,"[-17.164051055908203, -18.842424392700195, -11.901548385620117, -17.477083206176758, -18.785764694213867]"
Hybrid_UMa_p150_r15,Hybrid,UMa,InF,p150_r15,92672,-19.5707,0.1932,5,"[-19.47879409790039, -19.90538787841797, -19.413921356201172, -19.54450798034668, -19.51089859008789]"
Hybrid_UMa_p150_r15,Hybrid,UMa,InH,p150_r15,92672,-19.5558,0.2756,5,"[-19.75484848022461, -19.894756317138672, -19.21377944946289, -19.376861572265625, -19.538991928100586]"
Hybrid_UMa_p150_r15,Hybrid,UMa,UMi,p150_r15,92672,-18.8776,0.9015,5,"[-19.642032623291016, -19.568235397338867, -19.380416870117188, -17.798215866088867, -17.99907112121582]"
Hybrid_UMa_p150_r15,Hybrid,UMa,UMa,p150_r15,92672,-14.9203,3.8326,5,"[-16.47629165649414, -17.502840042114258, -9.184185028076172, -12.936380386352539, -18.501758575439453]"
Hybrid_UMa_p150_r15,Hybrid,UMa,RMa,p150_r15,92672,-16.9544,2.9655,5,"[-17.33601951599121, -18.916994094848633, -11.873361587524414, -17.423500061035156, -19.222183227539062]"
Hybrid_UMa_p200_r20,Hybrid,UMa,InF,p200_r20,123904,-19.5942,0.1730,5,"[-19.532798767089844, -19.871448516845703, -19.398193359375, -19.5693302154541, -19.5991153717041]"
Hybrid_UMa_p200_r20,Hybrid,UMa,InH,p200_r20,123904,-19.5730,0.3013,5,"[-19.87989044189453, -19.887182235717773, -19.21107292175293, -19.389726638793945, -19.497238159179688]"
Hybrid_UMa_p200_r20,Hybrid,UMa,UMi,p200_r20,123904,-18.9140,0.9077,5,"[-19.71524429321289, -19.574716567993164, -19.411840438842773, -17.776840209960938, -18.091590881347656]"
Hybrid_UMa_p200_r20,Hybrid,UMa,UMa,p200_r20,123904,-14.9466,3.8447,5,"[-16.498659133911133, -17.479917526245117, -9.199531555175781, -12.9585542678833, -18.596162796020508]"
Hybrid_UMa_p200_r20,Hybrid,UMa,RMa,p200_r20,123904,-16.9330,2.9480,5,"[-17.29105567932129, -18.83266258239746, -11.890077590942383, -17.39969253540039, -19.251659393310547]"
Hybrid_UMa_p25_r2,Hybrid,UMa,InF,p25_r2,12752,-19.4907,0.1689,5,"[-19.470012664794922, -19.775400161743164, -19.33323860168457, -19.469810485839844, -19.40486717224121]"
Hybrid_UMa_p25_r2,Hybrid,UMa,InH,p25_r2,12752,-19.4430,0.1922,5,"[-19.517648696899414, -19.72870635986328, -19.222658157348633, -19.339473724365234, -19.40658187866211]"
Hybrid_UMa_p25_r2,Hybrid,UMa,UMi,p25_r2,12752,-18.8772,0.9023,5,"[-19.49966812133789, -19.674354553222656, -19.413002014160156, -17.768455505371094, -18.03046417236328]"
Hybrid_UMa_p25_r2,Hybrid,UMa,UMa,p25_r2,12752,-14.9069,3.8306,5,"[-16.429317474365234, -17.539100646972656, -9.15742015838623, -12.954707145690918, -18.453914642333984]"
Hybrid_UMa_p25_r2,Hybrid,UMa,RMa,p25_r2,12752,-16.9122,2.8357,5,"[-17.23938751220703, -18.965381622314453, -12.018141746520996, -17.56429672241211, -18.773723602294922]"
Hybrid_UMa_p300_r25,Hybrid,UMa,InF,p300_r25,161280,-19.7230,0.1900,5,"[-19.647790908813477, -20.040145874023438, -19.53343391418457, -19.716812133789062, -19.676681518554688]"
Hybrid_UMa_p300_r25,Hybrid,UMa,InH,p300_r25,161280,-19.7384,0.3312,5,"[-20.06483268737793, -20.108436584472656, -19.389427185058594, -19.48386001586914, -19.645641326904297]"
Hybrid_UMa_p300_r25,Hybrid,UMa,UMi,p300_r25,161280,-18.9675,0.9273,5,"[-19.853017807006836, -19.562694549560547, -19.477142333984375, -17.798555374145508, -18.146055221557617]"
Hybrid_UMa_p300_r25,Hybrid,UMa,UMa,p300_r25,161280,-14.9692,3.8648,5,"[-16.5849609375, -17.404720306396484, -9.187763214111328, -12.980812072753906, -18.687650680541992]"
Hybrid_UMa_p300_r25,Hybrid,UMa,RMa,p300_r25,161280,-16.9971,3.0460,5,"[-17.22545051574707, -18.85772132873535, -11.844548225402832, -17.443470001220703, -19.614208221435547]"
Hybrid_UMa_p50_r10,Hybrid,UMa,InF,p50_r10,55552,-19.5595,0.1824,5,"[-19.500080108642578, -19.871551513671875, -19.389989852905273, -19.520910263061523, -19.515087127685547]"
Hybrid_UMa_p50_r10,Hybrid,UMa,InH,p50_r10,55552,-19.5613,0.2314,5,"[-19.72707748413086, -19.833866119384766, -19.27852439880371, -19.38251495361328, -19.584333419799805]"
Hybrid_UMa_p50_r10,Hybrid,UMa,UMi,p50_r10,55552,-18.8908,0.8810,5,"[-19.607223510742188, -19.583805084228516, -19.39132308959961, -17.80098533630371, -18.070598602294922]"
Hybrid_UMa_p50_r10,Hybrid,UMa,UMa,p50_r10,55552,-14.9212,3.8415,5,"[-16.477542877197266, -17.484695434570312, -9.172517776489258, -12.937515258789062, -18.533859252929688]"
Hybrid_UMa_p50_r10,Hybrid,UMa,RMa,p50_r10,55552,-16.8938,2.9005,5,"[-17.144563674926758, -18.869611740112305, -11.923493385314941, -17.485916137695312, -19.045562744140625]"
Hybrid_UMa_p50_r5,Hybrid,UMa,InF,p50_r5,30230,-19.4623,0.1950,5,"[-19.385353088378906, -19.80469512939453, -19.31510353088379, -19.393150329589844, -19.413122177124023]"
Hybrid_UMa_p50_r5,Hybrid,UMa,InH,p50_r5,30230,-19.4237,0.2326,5,"[-19.491544723510742, -19.709657669067383, -19.089168548583984, -19.319332122802734, -19.508563995361328]"
Hybrid_UMa_p50_r5,Hybrid,UMa,UMi,p50_r5,30230,-18.8798,0.8609,5,"[-19.577810287475586, -19.535385131835938, -19.39459228515625, -17.809295654296875, -18.082063674926758]"
Hybrid_UMa_p50_r5,Hybrid,UMa,UMa,p50_r5,30230,-14.9228,3.8433,5,"[-16.493898391723633, -17.46310043334961, -9.150605201721191, -12.97243595123291, -18.533964157104492]"
Hybrid_UMa_p50_r5,Hybrid,UMa,RMa,p50_r5,30230,-16.8324,2.8240,5,"[-17.117948532104492, -18.82279396057129, -11.953653335571289, -17.556638717651367, -18.7109375]"
Hybrid_UMa_p75_r8,Hybrid,UMa,InF,p75_r8,48896,-19.5488,0.2074,5,"[-19.46588134765625, -19.913007736206055, -19.391326904296875, -19.479591369628906, -19.494007110595703]"
Hybrid_UMa_p75_r8,Hybrid,UMa,InH,p75_r8,48896,-19.5774,0.2626,5,"[-19.761579513549805, -19.86023712158203, -19.200119018554688, -19.444305419921875, -19.62051010131836]"
Hybrid_UMa_p75_r8,Hybrid,UMa,UMi,p75_r8,48896,-18.9043,0.8998,5,"[-19.72934913635254, -19.555795669555664, -19.376070022583008, -17.85070037841797, -18.009536743164062]"
Hybrid_UMa_p75_r8,Hybrid,UMa,UMa,p75_r8,48896,-14.9376,3.8473,5,"[-16.52665138244629, -17.490633010864258, -9.162481307983398, -12.972149848937988, -18.53583526611328]"
Hybrid_UMa_p75_r8,Hybrid,UMa,RMa,p75_r8,48896,-16.9040,2.8880,5,"[-17.185081481933594, -18.777740478515625, -11.949448585510254, -17.495954513549805, -19.111915588378906]"
Hybrid_UMi_p100_r10,Hybrid,UMi,InF,p100_r10,61952,-19.2058,0.1589,5,"[-19.146677017211914, -19.484859466552734, -19.131179809570312, -19.091035842895508, -19.175296783447266]"
Hybrid_UMi_p100_r10,Hybrid,UMi,InH,p100_r10,61952,-19.2938,0.2239,5,"[-19.468982696533203, -19.386062622070312, -18.902000427246094, -19.361854553222656, -19.35000228881836]"
Hybrid_UMi_p100_r10,Hybrid,UMi,UMi,p100_r10,61952,-18.8516,0.8463,5,"[-19.566816329956055, -19.49355125427246, -19.31525230407715, -17.755367279052734, -18.127132415771484]"
Hybrid_UMi_p100_r10,Hybrid,UMi,UMa,p100_r10,61952,-13.5351,4.4777,5,"[-15.004935264587402, -16.44568634033203, -6.956684589385986, -11.17901611328125, -18.089237213134766]"
Hybrid_UMi_p100_r10,Hybrid,UMi,RMa,p100_r10,61952,-14.4224,3.9914,5,"[-15.079461097717285, -17.416471481323242, -8.132214546203613, -13.367088317871094, -18.11673355102539]"
Hybrid_UMi_p100_r5,Hybrid,UMi,InF,p100_r5,36630,-19.2191,0.1623,5,"[-19.186111450195312, -19.505918502807617, -19.134056091308594, -19.117433547973633, -19.152137756347656]"
Hybrid_UMi_p100_r5,Hybrid,UMi,InH,p100_r5,36630,-19.2608,0.2034,5,"[-19.412750244140625, -19.328907012939453, -18.903100967407227, -19.31545066833496, -19.34364128112793]"
Hybrid_UMi_p100_r5,Hybrid,UMi,UMi,p100_r5,36630,-18.7880,0.8690,5,"[-19.487144470214844, -19.48560333251953, -19.262910842895508, -17.66703224182129, -18.03744125366211]"
Hybrid_UMi_p100_r5,Hybrid,UMi,UMa,p100_r5,36630,-14.1312,4.1547,5,"[-15.697025299072266, -16.901865005493164, -7.957570552825928, -11.958183288574219, -18.141403198242188]"
Hybrid_UMi_p100_r5,Hybrid,UMi,RMa,p100_r5,36630,-15.3476,3.4212,5,"[-15.826644897460938, -17.886890411376953, -9.784582138061523, -14.894264221191406, -18.345691680908203]"
Hybrid_UMi_p150_r15,Hybrid,UMi,InF,p150_r15,92672,-19.1767,0.1775,5,"[-19.074485778808594, -19.493202209472656, -19.10552215576172, -19.099557876586914, -19.110645294189453]"
Hybrid_UMi_p150_r15,Hybrid,UMi,InH,p150_r15,92672,-19.2316,0.2144,5,"[-19.397642135620117, -19.314908981323242, -18.855802536010742, -19.302576065063477, -19.28701400756836]"
Hybrid_UMi_p150_r15,Hybrid,UMi,UMi,p150_r15,92672,-18.8144,0.8935,5,"[-19.579517364501953, -19.494213104248047, -19.289594650268555, -17.659225463867188, -18.04932403564453]"
Hybrid_UMi_p150_r15,Hybrid,UMi,UMa,p150_r15,92672,-13.3946,4.4762,5,"[-14.84216594696045, -16.374052047729492, -6.797732830047607, -11.066368103027344, -17.89259910583496]"
Hybrid_UMi_p150_r15,Hybrid,UMi,RMa,p150_r15,92672,-14.3119,4.0514,5,"[-14.955963134765625, -17.339069366455078, -8.006389617919922, -13.094335556030273, -18.163543701171875]"
Hybrid_UMi_p200_r20,Hybrid,UMi,InF,p200_r20,123904,-19.0761,0.1693,5,"[-18.982221603393555, -19.37822151184082, -18.997390747070312, -19.009855270385742, -19.012863159179688]"
Hybrid_UMi_p200_r20,Hybrid,UMi,InH,p200_r20,123904,-19.1815,0.2159,5,"[-19.373193740844727, -19.2182674407959, -18.811012268066406, -19.274145126342773, -19.23105239868164]"
Hybrid_UMi_p200_r20,Hybrid,UMi,UMi,p200_r20,123904,-18.7078,0.9021,5,"[-19.45122528076172, -19.389360427856445, -19.233707427978516, -17.561790466308594, -17.90281867980957]"
Hybrid_UMi_p200_r20,Hybrid,UMi,UMa,p200_r20,123904,-12.6307,4.7304,5,"[-13.921167373657227, -15.783674240112305, -5.720472812652588, -10.18256950378418, -17.545543670654297]"
Hybrid_UMi_p200_r20,Hybrid,UMi,RMa,p200_r20,123904,-13.4627,4.4121,5,"[-14.134397506713867, -16.77664566040039, -6.7809038162231445, -11.798171043395996, -17.82354164123535]"
Hybrid_UMi_p25_r2,Hybrid,UMi,InF,p25_r2,12752,-19.3100,0.1624,5,"[-19.259260177612305, -19.595016479492188, -19.20977020263672, -19.206344604492188, -19.279762268066406]"
Hybrid_UMi_p25_r2,Hybrid,UMi,InH,p25_r2,12752,-19.3792,0.2419,5,"[-19.618532180786133, -19.513946533203125, -18.986469268798828, -19.342418670654297, -19.434555053710938]"
Hybrid_UMi_p25_r2,Hybrid,UMi,UMi,p25_r2,12752,-18.8656,0.8611,5,"[-19.56943702697754, -19.578201293945312, -19.304996490478516, -17.783422470092773, -18.09195327758789]"
Hybrid_UMi_p25_r2,Hybrid,UMi,UMa,p25_r2,12752,-14.3097,4.1662,5,"[-15.792756080627441, -17.11049461364746, -7.993584632873535, -12.374124526977539, -18.27771759033203]"
Hybrid_UMi_p25_r2,Hybrid,UMi,RMa,p25_r2,12752,-15.6906,3.3600,5,"[-16.076501846313477, -18.188522338867188, -10.14968490600586, -15.512962341308594, -18.52550506591797]"
Hybrid_UMi_p300_r25,Hybrid,UMi,InF,p300_r25,161280,-19.0632,0.1820,5,"[-18.967161178588867, -19.387540817260742, -18.974821090698242, -18.979373931884766, -19.006938934326172]"
Hybrid_UMi_p300_r25,Hybrid,UMi,InH,p300_r25,161280,-19.1390,0.1988,5,"[-19.29953384399414, -19.255966186523438, -18.798654556274414, -19.151180267333984, -19.189743041992188]"
Hybrid_UMi_p300_r25,Hybrid,UMi,UMi,p300_r25,161280,-18.6855,0.8896,5,"[-19.428030014038086, -19.376466751098633, -19.173721313476562, -17.563316345214844, -17.886064529418945]"
Hybrid_UMi_p300_r25,Hybrid,UMi,UMa,p300_r25,161280,-12.2262,4.8827,5,"[-13.420681953430176, -15.453187942504883, -5.157774925231934, -9.673164367675781, -17.42636489868164]"
Hybrid_UMi_p300_r25,Hybrid,UMi,RMa,p300_r25,161280,-12.9762,4.6191,5,"[-13.624408721923828, -16.31785774230957, -6.105240821838379, -11.07053279876709, -17.763208389282227]"
Hybrid_UMi_p50_r10,Hybrid,UMi,InF,p50_r10,55552,-19.2777,0.1558,5,"[-19.19670295715332, -19.554479598999023, -19.203922271728516, -19.19357681274414, -19.239633560180664]"
Hybrid_UMi_p50_r10,Hybrid,UMi,InH,p50_r10,55552,-19.3501,0.1916,5,"[-19.474355697631836, -19.4893856048584, -19.021760940551758, -19.414714813232422, -19.3504638671875]"
Hybrid_UMi_p50_r10,Hybrid,UMi,UMi,p50_r10,55552,-18.8551,0.8841,5,"[-19.556446075439453, -19.57973861694336, -19.333454132080078, -17.71933364868164, -18.086685180664062]"
Hybrid_UMi_p50_r10,Hybrid,UMi,UMa,p50_r10,55552,-13.7449,4.3477,5,"[-15.214009284973145, -16.710039138793945, -7.261475563049316, -11.566154479980469, -17.97296714782715]"
Hybrid_UMi_p50_r10,Hybrid,UMi,RMa,p50_r10,55552,-14.8710,3.8469,5,"[-15.524459838867188, -17.73508644104004, -8.776923179626465, -13.911299705505371, -18.40727996826172]"
Hybrid_UMi_p50_r5,Hybrid,UMi,InF,p50_r5,30230,-19.2291,0.1525,5,"[-19.18120574951172, -19.493534088134766, -19.14434051513672, -19.113460540771484, -19.212968826293945]"
Hybrid_UMi_p50_r5,Hybrid,UMi,InH,p50_r5,30230,-19.2863,0.2043,5,"[-19.452871322631836, -19.389923095703125, -18.932708740234375, -19.33193016052246, -19.324134826660156]"
Hybrid_UMi_p50_r5,Hybrid,UMi,UMi,p50_r5,30230,-18.8668,0.8644,5,"[-19.600698471069336, -19.587011337280273, -19.24933624267578, -17.72686004638672, -18.169862747192383]"
Hybrid_UMi_p50_r5,Hybrid,UMi,UMa,p50_r5,30230,-14.2292,4.1781,5,"[-15.814922332763672, -16.988128662109375, -8.041984558105469, -12.010201454162598, -18.290531158447266]"
Hybrid_UMi_p50_r5,Hybrid,UMi,RMa,p50_r5,30230,-15.4281,3.3790,5,"[-15.90817928314209, -17.91739845275879, -9.927108764648438, -14.994006156921387, -18.393630981445312]"
Hybrid_UMi_p75_r8,Hybrid,UMi,InF,p75_r8,48896,-19.3375,0.1376,5,"[-19.29523277282715, -19.578536987304688, -19.241901397705078, -19.259979248046875, -19.31175422668457]"
Hybrid_UMi_p75_r8,Hybrid,UMi,InH,p75_r8,48896,-19.3788,0.2183,5,"[-19.57281494140625, -19.501293182373047, -19.009382247924805, -19.410816192626953, -19.39958381652832]"
Hybrid_UMi_p75_r8,Hybrid,UMi,UMi,p75_r8,48896,-18.9163,0.9073,5,"[-19.710506439208984, -19.584903717041016, -19.406919479370117, -17.757610321044922, -18.121726989746094]"
Hybrid_UMi_p75_r8,Hybrid,UMi,UMa,p75_r8,48896,-13.7493,4.4338,5,"[-15.323822021484375, -16.63766098022461, -7.168832778930664, -11.471442222595215, -18.144800186157227]"
Hybrid_UMi_p75_r8,Hybrid,UMi,RMa,p75_r8,48896,-14.8379,3.8746,5,"[-15.39636516571045, -17.799848556518555, -8.706790924072266, -13.911004066467285, -18.375503540039062]"
Base,Base,Base,InF,base,0,-19.3389,0.1710,5,"[-19.284500122070312, -19.63943099975586, -19.210601806640625, -19.29126739501953, -19.268707275390625]"
Base,Base,Base,InH,base,0,-19.3194,0.2219,5,"[-19.534847259521484, -19.5675106048584, -19.06471061706543, -19.181669235229492, -19.248214721679688]"
Base,Base,Base,UMi,base,0,-18.6755,0.9256,5,"[-19.497692108154297, -19.345720291137695, -19.185909271240234, -17.540876388549805, -17.80706024169922]"
Base,Base,Base,UMa,base,0,-14.7501,3.7769,5,"[-16.353012084960938, -17.37908935546875, -9.08372688293457, -12.780117988586426, -18.154544830322266]"
Base,Base,Base,RMa,base,0,-16.9612,2.7334,5,"[-17.20756721496582, -18.714128494262695, -12.232145309448242, -17.75050926208496, -18.901859283447266]"
